,category,post_id,post_url,post_date,post_title,comment_id,comment_url,comment_date,comment_votes,comment_body,comment_has_multimedia,comment_has_links,comment_stance,comment_argument,new_stance,llm_stance
1,council tax,1if414f,https://www.reddit.com/r/ukpolitics/comments/1if414f/ministers_could_allow_council_tax_to_rise_by_up/,2025-02-01 11:02:54,Ministers could allow council tax to rise by up to 25% to prevent bankruptcies,mad4xkt,https://www.reddit.com/r/ukpolitics/comments/1if414f/ministers_could_allow_council_tax_to_rise_by_up/mad4xkt/,2025-02-01 12:12:49,24,"I used to work for a large council. The amount of money wasted on completely bollocks projects and staff that did bugger all is a disgrace. Maybe they should look into that first before shafting people even more? I once worked on a project that installed a handful of cycle signs and a bit of road marking that costed a grand total of 700k. We had to hire a consultant at 80h just to do a study to see if there was a need for those, there wasnt but the project went ahead anyway because god forbid you criticise a cycle project. Absolute insanity.",False,False,disapprove,council tax is wasted,disagree,approve
2,national insurance,1gfmgq3,https://www.reddit.com/r/ukpolitics/comments/1gfmgq3/employers_national_insurance_rise_is_bigger_than/,2024-10-30 13:25:36,Employers' national insurance rise is bigger than predicted as chancellor seeks to raise £40bn in taxes | Politics News,lul3nii,https://www.reddit.com/r/ukpolitics/comments/1gfmgq3/employers_national_insurance_rise_is_bigger_than/lul3nii/,2024-10-30 20:45:26,0,Such a stupid idea when the job market is already weak. Labour are a joke.,False,False,disapprove,job market is weak,disagree,neutral
3,minimum wage,1idvda7,https://www.reddit.com/r/ukpolitics/comments/1idvda7/karl_williams_apropos_of_nothing_in_the_first_six/,2025-01-30 19:35:32,"Karl Williams: Apropos of nothing, in the first six months of 2024, we gave out 1,063 health & care visas to workers from Zimbabwe. They brought with them 10,670 dependants. That's 10 dependants for every (likely minimum wage) social care worker.",ma5qy6c,https://www.reddit.com/r/ukpolitics/comments/1idvda7/karl_williams_apropos_of_nothing_in_the_first_six/ma5qy6c/,2025-01-31 07:17:41,0,I know this is a joke right ? Come on someone say this isnt true. All the illegals coming on a daily basis and now this,False,False,disapprove,illegal migrants,disagree,neutral
4,minimum wage,1gfssec,https://www.reddit.com/r/ukpolitics/comments/1gfssec/xiaowei_xu_the_rise_in_employer_costs_for_low/,2024-10-30 17:55:31,"Xiaowei Xu: The rise in employer costs for low earners (10th percentile) is more than double the rise for average earners. Together with the rise in the minimum wage, this means a big increase in costs for businesses hiring low-paid workers (hospitality, retail etc).",lukjov9,https://www.reddit.com/r/ukpolitics/comments/1gfssec/xiaowei_xu_the_rise_in_employer_costs_for_low/lukjov9/,2024-10-30 19:08:35,17,"I guess she missed the bit about employment allowance allowing companies to reduce their NI liability to increase from 5,000 to 10,500.. So in other words smaller employers dont need to pay any NI on first 10,500 of an employees pay .. increased from the previous 5,000..",False,False,disapprove,other types of allowance for business,disagree,neutral
6,minimum wage,qiaxer,https://www.reddit.com/r/ukpolitics/comments/qiaxer/jeremy_corbyn_mp_bankers_will_be_as_delighted/,2021-10-29 12:42:47,"Jeremy Corbyn MP: Bankers will be as delighted with the Chancellor’s gift of a £4bn tax cut as he appeared to be when he failed to deliver for the most vulnerable, skipped over a proper minimum wage and/or a decent pension (the triple-lock) & hastened climate change (cutting air passenger tax)",hiia0bw,https://www.reddit.com/r/ukpolitics/comments/qiaxer/jeremy_corbyn_mp_bankers_will_be_as_delighted/hiia0bw/,2021-10-29 14:01:29,-16,Wait....does he know hes not important anymore?,False,False,disapprove,Corbyn is not important ,disagree,approve
8,minimum wage,wsgeka,https://www.reddit.com/r/ukpolitics/comments/wsgeka/labour_sets_out_plan_to_link_minimum_wage_to_cost/,2022-08-19 16:09:54,Labour sets out plan to link minimum wage to cost of living,il1ibo5,https://www.reddit.com/r/ukpolitics/comments/wsgeka/labour_sets_out_plan_to_link_minimum_wage_to_cost/il1ibo5/,2022-08-20 08:41:11,-1,"I honestly disagree with shit like this because the Cost of Living varies so much across the UK. If you lived in Kensington, your cost of living will be 100 fold from someone who lives in Skegness. And this is even before the Wage Price Spiral grips in. We should be focusing on driving down the cost of living, and mandating councils to build X number of homes a year, and fine them if they dont.",False,False,disapprove,regional differences,disagree,neutral
9,income tax,16lnxn8,https://www.reddit.com/r/ukpolitics/comments/16lnxn8/liz_truss_minibudget_nearly_included_flat_20p/,2023-09-18 07:35:00,Liz Truss mini-budget nearly included flat 20p rate of income tax. Proposal from Jacob Rees-Mogg described as going ‘full Estonia’.,k13h3l1,https://www.reddit.com/r/ukpolitics/comments/16lnxn8/liz_truss_minibudget_nearly_included_flat_20p/k13h3l1/,2023-09-18 08:11:23,-179,Liz Truss must have been one of the first politicians in half a century to take office In Westminster with radical plans to unfuck the UK. Its no wonder the establishment slated ousted her so quickly.,False,False,approve,radical plan to save uk,agree,approve
10,national insurance,1jsghy1,https://www.reddit.com/r/ukpolitics/comments/1jsghy1/andrew_neil_tomorrows_25bn_national_insurance/,2025-04-06 00:19:43,ANDREW NEIL: Tomorrow's £25bn national insurance rise is the most self-harming tax in history,mlnu24w,https://www.reddit.com/r/ukpolitics/comments/1jsghy1/andrew_neil_tomorrows_25bn_national_insurance/mlnu24w/,2025-04-06 07:27:43,4,What about abolishing NI for employees and adding it to income tax? This wont raise tax on working people so not breaching Labours manifesto but would start to tax pensioners who currently dont pay NI making a fairer tax system? Could this raise the tax revenue to plug the back hole but also other things like social care which pensioners disproportionately need? This could be a more palatable way to reduce the ever increasing pensioner burden?,False,False,neutral,abolishing NI and add to income tax to raise tax revenue,neutral,neutral
11,council tax,1fxzghh,https://www.reddit.com/r/ukpolitics/comments/1fxzghh/second_homes_hut_with_no_toilet_gets_300_council/,2024-10-07 05:26:22,Second homes: Hut with no toilet gets 300% council tax bill,lqqkias,https://www.reddit.com/r/ukpolitics/comments/1fxzghh/second_homes_hut_with_no_toilet_gets_300_council/lqqkias/,2024-10-07 06:50:24,110,"She even admits its used as a holiday home I have a niece who still comes for a fortnight in the summer with her children from Colchester, but the children camp outside. They come to us to wash and to wash their clothes and they use the public toilets.",False,False,neutral,,neutral,neutral
12,national insurance,x5ijfr,https://www.reddit.com/r/ukpolitics/comments/x5ijfr/paul_brand_on_twitter_liz_truss_says_it_is_fair/,2022-09-04 10:13:44,Paul Brand on Twitter: Liz Truss says “it is fair” that her national insurance cut will benefit the richest to the tune of about £2k and do relatively little for the lowest paid. She argues there has been too much focus on the distribution of income in the past twenty years.,in31bj0,https://www.reddit.com/r/ukpolitics/comments/x5ijfr/paul_brand_on_twitter_liz_truss_says_it_is_fair/in31bj0/,2022-09-04 19:11:08,2,sharpens pitchfork,False,False,neutral,,neutral,neutral
13,national insurance,1cmces1,https://www.reddit.com/r/ukpolitics/comments/1cmces1/reeves_says_lawson_was_right_on_national_insurance/,2024-05-07 14:51:39,Reeves says Lawson was right on National Insurance,l2zj3fo,https://www.reddit.com/r/ukpolitics/comments/1cmces1/reeves_says_lawson_was_right_on_national_insurance/l2zj3fo/,2024-05-07 15:44:36,33,"Replacing national insurance contributions revenues with income tax would mean rates of income tax going up by 8 percentage points In other words, the median income worker on PAYE would get a tax cut with a revenue neutral proposal. But we cant let the generation with the wealth be made to pay more tax on income above the personal allowance thresholds to fund public services that said generation relies on, so lets punish PAYE workers instead! Everything Labour are saying on NICs, particularly Reeves, suggests to me that theyre going to up rates to pretend that theyre not increasing income tax while increasing income tax as another means to tax working people and coddle middle and high earning pensioners. Reeves isnt stupid, she knows NICs are a tax on income from labour like income tax is. She and Labour are doing this for a reason. Hopefully after the next GE the Lib Dems are in a position to call Labour out on this through tax simplification Davey contributed to a policy paper that advocated a single income tax and not cede the opposition ground to the Tories who are trying to use cutting NICs as a wedge issue and are not bothered in it being revenue neutral.",False,False,neutral,PAYE workers get punished by Labour’s tax policy,neutral,approve
14,income tax,109xakq,https://www.reddit.com/r/ukpolitics/comments/109xakq/the_times_has_also_been_told_that_the_treasury_is/,2023-01-12 11:19:33,"The Times has also been told that the Treasury is discussing giving people tax breaks to go back to work Discussion is at an early stage, but there's talk around allowances and even exempting over 50s from income tax",j411z40,https://www.reddit.com/r/ukpolitics/comments/109xakq/the_times_has_also_been_told_that_the_treasury_is/j411z40/,2023-01-12 13:07:13,3,"Whats the point in getting people back in the workforce if they wont tax income. That just stops others getting the jobs that will pay tax and raise the tax burden for them as well. No you dont get a promotion as Dotty is coming out of retirement, BTW heres your income tax raise..",False,False,disapprove,unfair for other groups of people,disagree,approve
15,income tax,14id42n,https://www.reddit.com/r/ukpolitics/comments/14id42n/starmer_indicates_he_will_not_raise_income_tax/,2023-06-25 05:48:47,Starmer indicates he will not raise income tax for top earners,jpgm8za,https://www.reddit.com/r/ukpolitics/comments/14id42n/starmer_indicates_he_will_not_raise_income_tax/jpgm8za/,2023-06-25 13:53:38,5,"Ill be honest. Between this, them keeping the triple lock, and saying no to PR Im starting to turn against Labour.",False,False,disapprove,won’t support Labour party because of its tax policy,disagree,neutral
16,minimum wage,1bhwgjj,https://www.reddit.com/r/ukpolitics/comments/1bhwgjj/po_ferries_has_paid_some_crew_less_than_half_uk/,2024-03-18 17:29:06,P&O Ferries has paid some crew less than half UK minimum wage,kvgza5l,https://www.reddit.com/r/ukpolitics/comments/1bhwgjj/po_ferries_has_paid_some_crew_less_than_half_uk/kvgza5l/,2024-03-18 19:32:07,31,Disgusting however completely legal in their ownership structures and uk laws. About to change apparently but I wouldnt hold my breath. Their sales are up so clearly customers dont give a monkeys,False,False,disapprove,customers are not bothered,disagree,neutral
17,income tax,1jgnz19,https://www.reddit.com/r/ukpolitics/comments/1jgnz19/income_tax_at_40pc_is_becoming_the_norm_in/,2025-03-21 18:34:29,Income tax at 40pc is becoming the norm in Starmer’s Britain,mj0okh4,https://www.reddit.com/r/ukpolitics/comments/1jgnz19/income_tax_at_40pc_is_becoming_the_norm_in/mj0okh4/,2025-03-21 18:36:09,31,Ironic given it was the Tories that froze tax thresholds in 2021.,False,False,disapprove,Labour is acting in conventional Tory way on tax,disagree,approve
18,national insurance,1c8j91l,https://www.reddit.com/r/ukpolitics/comments/1c8j91l/jeremy_hunt_targets_further_2p_cut_in_national/,2024-04-20 07:34:36,Jeremy Hunt targets further 2p cut in national insurance,l0g67j0,https://www.reddit.com/r/ukpolitics/comments/1c8j91l/jeremy_hunt_targets_further_2p_cut_in_national/l0g67j0/,2024-04-20 14:44:42,1,"Tory tax cuts are just temporary. We will pay it back later, with interest, one way or another I bet before they are booted out, they will let councils raise council tax like 20 per annum.",False,False,disapprove,temporary and people will have to payback later,disagree,approve
19,minimum wage,1gf1qny,https://www.reddit.com/r/ukpolitics/comments/1gf1qny/minimum_wage_to_rise_to_1221_an_hour_next_year/,2024-10-29 18:29:39,Minimum wage to rise to £12.21 an hour next year,lufbmom,https://www.reddit.com/r/ukpolitics/comments/1gf1qny/minimum_wage_to_rise_to_1221_an_hour_next_year/lufbmom/,2024-10-29 22:18:27,12,Seems interesting to increase minimum wage increase employers NI contributions. Large businesses will be able to swallow it up but will this grind smaller businesses into the ground?,False,False,disapprove,smaller business will suffer,disagree,approve
20,minimum wage,wsgeka,https://www.reddit.com/r/ukpolitics/comments/wsgeka/labour_sets_out_plan_to_link_minimum_wage_to_cost/,2022-08-19 16:09:54,Labour sets out plan to link minimum wage to cost of living,il3cl8m,https://www.reddit.com/r/ukpolitics/comments/wsgeka/labour_sets_out_plan_to_link_minimum_wage_to_cost/il3cl8m/,2022-08-20 18:54:15,1,Softly softly sneak into that space when it opens up unguarded,False,False,neutral,,neutral,approve
21,minimum wage,1idvda7,https://www.reddit.com/r/ukpolitics/comments/1idvda7/karl_williams_apropos_of_nothing_in_the_first_six/,2025-01-30 19:35:32,"Karl Williams: Apropos of nothing, in the first six months of 2024, we gave out 1,063 health & care visas to workers from Zimbabwe. They brought with them 10,670 dependants. That's 10 dependants for every (likely minimum wage) social care worker.",ma392vv,https://www.reddit.com/r/ukpolitics/comments/1idvda7/karl_williams_apropos_of_nothing_in_the_first_six/ma392vv/,2025-01-30 22:10:33,-4,The situation is worse than that because the government didnt even bother to enforce the visa rules. Many were given visas by fake companies and even those that worked in the care sector soon left to work illegally. The government is fcking useless.,False,False,neutral,illegal migrants,neutral,approve
22,minimum wage,yvf2sx,https://www.reddit.com/r/ukpolitics/comments/yvf2sx/rishi_sunak_to_raise_minimum_wage_in_boost_for/,2022-11-14 22:41:59,Rishi Sunak to raise minimum wage in boost for poorest,iwglrvz,https://www.reddit.com/r/ukpolitics/comments/yvf2sx/rishi_sunak_to_raise_minimum_wage_in_boost_for/iwglrvz/,2022-11-15 14:22:49,6,"Most of these comments are peak ukpol. Somehow trying to criticise what is undoubtedly a good move, just because Tory bad.",False,False,approve,people who disapprove are too partisan ,agree,approve
23,national insurance,1gc5kuv,https://www.reddit.com/r/ukpolitics/comments/1gc5kuv/chancellor_expected_to_hike_employers_national/,2024-10-25 22:43:37,Chancellor expected to hike employers National Insurance,ltzqztz,https://www.reddit.com/r/ukpolitics/comments/1gc5kuv/chancellor_expected_to_hike_employers_national/ltzqztz/,2024-10-27 11:17:25,1,"Can we all calm down about this? 1. This was clear for a while. 2. This basically just reverses the unfunded cut to NI the Tories did preelection, but passes it to the employers instead of employees.",False,False,approve,,agree,neutral
24,council tax,1i8su9y,https://www.reddit.com/r/ukpolitics/comments/1i8su9y/oxford_citys_second_homes_to_face_200_council_tax/,2025-01-24 10:57:01,Oxford: City's second homes to face 200% council tax charge,m8wblhi,https://www.reddit.com/r/ukpolitics/comments/1i8su9y/oxford_citys_second_homes_to_face_200_council_tax/m8wblhi/,2025-01-24 12:09:49,-1,How are they defining this? What are they doing with those who own a second home but let it out?,False,False,disapprove,,disagree,approve
25,minimum wage,180l6jc,https://www.reddit.com/r/ukpolitics/comments/180l6jc/minimum_wage_to_rise_to_1144_per_hour/,2023-11-21 16:38:09,Minimum wage to rise to £11.44 per hour,ka6ug89,https://www.reddit.com/r/ukpolitics/comments/180l6jc/minimum_wage_to_rise_to_1144_per_hour/ka6ug89/,2023-11-21 18:17:00,5,This is part of the nextlast budget before the next election so out come the sweeties to get our votes.,False,False,neutral,raising minimum wage is just to gain more votes before the election,neutral,approve
26,income tax,14id42n,https://www.reddit.com/r/ukpolitics/comments/14id42n/starmer_indicates_he_will_not_raise_income_tax/,2023-06-25 05:48:47,Starmer indicates he will not raise income tax for top earners,jpgnljs,https://www.reddit.com/r/ukpolitics/comments/14id42n/starmer_indicates_he_will_not_raise_income_tax/jpgnljs/,2023-06-25 14:06:35,6,There is not much scope left for higher taxes in the UK. The burden is already high and contrary to what I read here sometimes the better off already pay a lot more income tax. You push it higher you get what happened with the 50p rate and avoidance goes through the roof and high earners who can go abroad. The middle class in the UK are squeezed already. Getting the actually rich to pay is not easy as they are mobile but that is a whole another story.,False,False,approve,the burden is already high and high earners can move ,agree,approve
27,council tax,1ei3fdu,https://www.reddit.com/r/ukpolitics/comments/1ei3fdu/new_council_tax_band_system_under_labour_will/,2024-08-02 07:51:17,"New council tax band system under Labour will push bills up by £1,230",lg3ritn,https://www.reddit.com/r/ukpolitics/comments/1ei3fdu/new_council_tax_band_system_under_labour_will/lg3ritn/,2024-08-02 08:03:01,11,"For who? And why? And when? Im always suspicious of sound bite headlines like this , cause generally theyre misleading.",False,False,neutral,headlines are misleading,neutral,approve
28,national insurance,u1vb5f,https://www.reddit.com/r/ukpolitics/comments/u1vb5f/a_quarter_of_voters_are_turned_off_from_backing/,2022-04-12 10:53:11,"A quarter of voters are turned off from backing the Tories by national insurance hike, poll shows",i4epvbr,https://www.reddit.com/r/ukpolitics/comments/u1vb5f/a_quarter_of_voters_are_turned_off_from_backing/i4epvbr/,2022-04-12 10:59:22,9,How many of them will forget by the time the next election comes around?,False,False,neutral,people are more partisan and policies are short memories ,neutral,neutral
29,poverty,1jl2ok7,https://www.reddit.com/r/ukpolitics/comments/1jl2ok7/rachel_reeves_denies_welfare_reforms_will_push/,2025-03-27 12:25:11,"Rachel Reeves Denies Welfare Reforms Will Push 250,000 Into Poverty",mk00o4c,https://www.reddit.com/r/ukpolitics/comments/1jl2ok7/rachel_reeves_denies_welfare_reforms_will_push/mk00o4c/,2025-03-27 12:26:41,8,"It added We estimate there will be an additional 250,000 people including 50,000 children in relative poverty after housing costs in 202930 as a result of modelled changes to social security. Relative poverty is a terrible statistic and they should feel bad for using it. You will lift a considerable number of people out of relative poverty by taxing an extra 1000 from half the country every year and throwing the money into a fire pit.",False,False,neutral,relative poverty is not a sensible concept,neutral,disapprove
30,council tax,1ihdyj4,https://www.reddit.com/r/ukpolitics/comments/1ihdyj4/millions_face_council_tax_rise_of_more_than_5/,2025-02-04 09:30:53,Millions face council tax rise of more than 5%,mawgsfw,https://www.reddit.com/r/ukpolitics/comments/1ihdyj4/millions_face_council_tax_rise_of_more_than_5/mawgsfw/,2025-02-04 10:38:22,11,UK needs to decide what it wants it local government to do. So far it has decided to kick the can down the road and let councils go bankrupt. I was hoping labour would recognise how stupid it was. Instead reform tax system and ditch the stupidity. Time to be honest UK local government is underfunded compared to social care and care costs.,False,False,approve,local government are underfunded,agree,neutral
31,income tax,182xaua,https://www.reddit.com/r/ukpolitics/comments/182xaua/600000_miss_out_on_350_income_tax_rebate_because/,2023-11-24 17:30:21,"600,000 miss out on £350 income tax rebate because HMRC insists on using cheques",kalqrj9,https://www.reddit.com/r/ukpolitics/comments/182xaua/600000_miss_out_on_350_income_tax_rebate_because/kalqrj9/,2023-11-24 19:50:08,68,"How you can you claim overpaid income tax If HMRC sends you a P800 which it usually does from around June following the end of the tax year in April it will tell you to request a refund via a bank transfer known as BACS. This can be done by logging into your Government Gateway account. If you dont have one of these, you can set one up using the Government website. If you do not have respond within 21 days, a cheque will be issued to your address. This needs to be cashed within six months. If you do not cash it within six months, HMRC says it can be replaced on request. You can contact it online, or by phone, on 0300 200 3300. Theres technically no time limit on doing this, but after nine years, it becomes harder for HMRC to verify if youre owed a refund, so its best to request a new cheque before this date. Look, I hate paying tax as much as the next person and this hate HMRC by proxy but its not a difficult process, and the valid period is huge. This is a reflection of the laziness of the population. Do I think cheques should be removed? Sure, theyre outdates as heck, but you have 21 days to do it digitally practically an age, theres noone else to blame",False,False,approve,,agree,neutral
33,national insurance,x5ijfr,https://www.reddit.com/r/ukpolitics/comments/x5ijfr/paul_brand_on_twitter_liz_truss_says_it_is_fair/,2022-09-04 10:13:44,Paul Brand on Twitter: Liz Truss says “it is fair” that her national insurance cut will benefit the richest to the tune of about £2k and do relatively little for the lowest paid. She argues there has been too much focus on the distribution of income in the past twenty years.,in1gkof,https://www.reddit.com/r/ukpolitics/comments/x5ijfr/paul_brand_on_twitter_liz_truss_says_it_is_fair/in1gkof/,2022-09-04 11:59:26,33,"Im honestly running out of words to argue against what Liz Truss is planning on doing to us. She just lives in a completely alternate reality. Literally nothing that she comes out with has any grounding in observable or verifiable truth. She is determined to bulldoze through her warped version of reality despite the undeniable facts that stand in her way, to the detriment of 99 of the country. She is either completely thick as pig shit, schizophrenic, or unashamedly and knowingly evil. She should be locked up, not given the keys to number 10.",False,False,disapprove,Liz Truss is missing the reality,disagree,approve
34,minimum wage,1htlc72,https://www.reddit.com/r/ukpolitics/comments/1htlc72/lowest_graduate_salaries_on_a_par_with_minimum/,2025-01-04 18:52:02,Lowest graduate salaries ‘on a par with minimum wage’ - The shrinking pay gap raises fears that university may be a waste of money for many students and could turn disaffected young people towards political extremes,m5froc5,https://www.reddit.com/r/ukpolitics/comments/1htlc72/lowest_graduate_salaries_on_a_par_with_minimum/m5froc5/,2025-01-05 00:01:14,3,I see a lot of pundits that I usually think are quite clever talking about this issue edit to be clear Im talking about minimum wage creeping up not wages in general being low but I just think its really overhyped as an issue. The bottom earning 10 of uni grads are ultimately people who are doing jobs that dont require a degree or doing jobs where its kind of accepted the pay is bad until you are established. Im not surprised that puts them not hugely above minimum wage and dont think that should be an argument for lowering minimum wage.,False,False,disapprove,the group with degree and earns little is doing jobs that don’t require a degree,disagree,neutral
35,minimum wage,1ep27vy,https://www.reddit.com/r/ukpolitics/comments/1ep27vy/reeves_set_to_sign_off_above_inflation_rise_in/,2024-08-10 21:12:50,Reeves set to sign off above inflation rise in minimum wage,lhhutf0,https://www.reddit.com/r/ukpolitics/comments/1ep27vy/reeves_set_to_sign_off_above_inflation_rise_in/lhhutf0/,2024-08-10 22:20:21,270,The problem now with raising the minimum wage now is were very quickly approaching a situation where the minimum wage is basically your average officer worker salary.,False,False,disapprove,minimum wage is rising to the level of average officer worker salary,disagree,approve
36,national insurance,x5ijfr,https://www.reddit.com/r/ukpolitics/comments/x5ijfr/paul_brand_on_twitter_liz_truss_says_it_is_fair/,2022-09-04 10:13:44,Paul Brand on Twitter: Liz Truss says “it is fair” that her national insurance cut will benefit the richest to the tune of about £2k and do relatively little for the lowest paid. She argues there has been too much focus on the distribution of income in the past twenty years.,in2o58s,https://www.reddit.com/r/ukpolitics/comments/x5ijfr/paul_brand_on_twitter_liz_truss_says_it_is_fair/in2o58s/,2022-09-04 17:44:57,1,"Well wages havent increased, regardless of the increasing national wealth the wealthy keep skimming all of the cream and a lot of milk too.",False,False,disapprove,average people wage is not increased and the wealthy keep benefiting,disagree,approve
37,income tax,1g2wawh,https://www.reddit.com/r/ukpolitics/comments/1g2wawh/one_million_top_taxpayers_pay_more_than_two/,2024-10-13 19:29:37,One million top taxpayers pay more than two fifths of all income tax,lrrnbdj,https://www.reddit.com/r/ukpolitics/comments/1g2wawh/one_million_top_taxpayers_pay_more_than_two/lrrnbdj/,2024-10-13 20:40:03,7,Well its lucky not all taxation is income based then isnt it the poorer you are the higher of your income goes into taxes and just staying alive,False,False,disapprove,higher percentage of income goes into taxes,disagree,neutral
38,minimum wage,199nqqq,https://www.reddit.com/r/ukpolitics/comments/199nqqq/currys_boss_lashes_out_at_uk_government_on_tax/,2024-01-18 11:09:17,"Currys Boss Lashes Out at UK Government on Tax Hike, Minimum Wage Increase",kigcioa,https://www.reddit.com/r/ukpolitics/comments/199nqqq/currys_boss_lashes_out_at_uk_government_on_tax/kigcioa/,2024-01-18 16:31:18,3,"If your business relies on poverty wages for its existence, it doesnt deserve to exist.",False,False,disapprove,business that rely on poverty wages don’t deserve to exist,disagree,neutral
39,income tax,18m3g24,https://www.reddit.com/r/ukpolitics/comments/18m3g24/new_income_tax_band_for_higher_earners_in_scotland/,2023-12-19 14:41:33,New income tax band for higher earners in Scotland,ke37856,https://www.reddit.com/r/ukpolitics/comments/18m3g24/new_income_tax_band_for_higher_earners_in_scotland/ke37856/,2023-12-19 21:02:08,0,Yup I wont be voting for snp. Bleeding is dry.,False,False,disapprove,SNP is extracting too much,disagree,neutral
40,poverty,1j1fxi9,https://www.reddit.com/r/ukpolitics/comments/1j1fxi9/labour_must_target_deprived_areas_or_lose_out_to/,2025-03-02 01:59:46,"Labour must target deprived areas or lose out to Reform, says former minister | Poverty",mfjvdv5,https://www.reddit.com/r/ukpolitics/comments/1j1fxi9/labour_must_target_deprived_areas_or_lose_out_to/mfjvdv5/,2025-03-02 04:03:49,2,"A briefing document to government ministers, based on the reports findings and seen by The Observer, says that even since the general election last summer there is evidence that Reform has deepened its support in these most deprived areas. Its almost like doing the right thing in those areas would also pay off politically. Lets see if Labour can figure it out",False,False,neutral,"for Labour party, targeting the deprived areas is the right thing to do",neutral,approve
41,national insurance,1gil2b6,https://www.reddit.com/r/ukpolitics/comments/1gil2b6/kemi_badenoch_refuses_to_promise_national/,2024-11-03 11:48:09,Kemi Badenoch refuses to promise National Insurance tax raid reversal,lv5yw8l,https://www.reddit.com/r/ukpolitics/comments/1gil2b6/kemi_badenoch_refuses_to_promise_national/lv5yw8l/,2024-11-03 12:01:43,7,"She does right not to write these policies now, and was interesting to hear her say that these individual decisions are more about what the bigger picture is and what you are trying to achieve, rather than the specific tax in question",False,False,neutral,,neutral,approve
42,poverty,1jld4z6,https://www.reddit.com/r/ukpolitics/comments/1jld4z6/labours_austerity_cuts_will_push_250000_people/,2025-03-27 20:43:18,"Labour’s ‘austerity cuts’ will push ‘250,000 people into poverty’",mk5cc4a,https://www.reddit.com/r/ukpolitics/comments/1jld4z6/labours_austerity_cuts_will_push_250000_people/mk5cc4a/,2025-03-28 07:23:32,16,Time to take a serious review on the triple lock.,False,False,neutral,,neutral,approve
43,council tax,1hmu95y,https://www.reddit.com/r/ukpolitics/comments/1hmu95y/quarter_of_council_tax_revenue_spent_on/,2024-12-26 18:15:28,Quarter of council tax revenue spent on ‘unjustifiably generous’ staff pensions,m3wz3i2,https://www.reddit.com/r/ukpolitics/comments/1hmu95y/quarter_of_council_tax_revenue_spent_on/m3wz3i2/,2024-12-26 19:11:59,36,"Its not council, but my other half is a kind of civil servant and yeah, the pay is not remotely competitive. The only thing they have going is good benefits defined benefits pension. Theyre already haemorrhaging staff to the private sector as it is.",False,False,disapprove,"their pay is not good as private sector, but just some good pension scheme",disagree,neutral
44,minimum wage,199nqqq,https://www.reddit.com/r/ukpolitics/comments/199nqqq/currys_boss_lashes_out_at_uk_government_on_tax/,2024-01-18 11:09:17,"Currys Boss Lashes Out at UK Government on Tax Hike, Minimum Wage Increase",kifif0h,https://www.reddit.com/r/ukpolitics/comments/199nqqq/currys_boss_lashes_out_at_uk_government_on_tax/kifif0h/,2024-01-18 13:17:10,5,"In all seriousness, despite this guy being a clear word that will probably filter this post, the government should move to updating minimum wage every 6 months. This is a big jump in minimum wage, it would be better for business and people to stagger these pay increase from now on, so that its updated for inflation every 6 months. The lowest pay in society dont face as big of a depreciation in their pay over the course of the year, and business dont have as big of an increase. Good companies not paying individuals on minimum wage naturally stagger their increases in cost",False,False,neutral,"compare to lowest pay in society, minimum wage is a big jump",neutral,approve
45,national insurance,1gil2b6,https://www.reddit.com/r/ukpolitics/comments/1gil2b6/kemi_badenoch_refuses_to_promise_national/,2024-11-03 11:48:09,Kemi Badenoch refuses to promise National Insurance tax raid reversal,lv61tjr,https://www.reddit.com/r/ukpolitics/comments/1gil2b6/kemi_badenoch_refuses_to_promise_national/lv61tjr/,2024-11-03 12:25:20,20,Theres no reason for her to promise anything as by the time we get to the post where she can actually change things the situation will be different. The problem for her is if she spends the next four years trying to argue for tax cuts without cutting spending then shell arrive at the election not looking serious.,False,False,approve,no need to promise for the sake of next election cycle,agree,neutral
46,poverty,1h6xmsd,https://www.reddit.com/r/ukpolitics/comments/1h6xmsd/how_poverty_rate_is_higher_among_immigrants_if/,2024-12-05 01:47:49,How poverty rate is higher among immigrants if immigration requires proof of funds/income?,m0igsdu,https://www.reddit.com/r/ukpolitics/comments/1h6xmsd/how_poverty_rate_is_higher_among_immigrants_if/m0igsdu/,2024-12-05 08:55:29,-3,"The issue is mostly a wealth question a significantly larger proportion of foreign born people are private renters 40 v 15 compared to the UK born who are more likely to be owner occupiers 68 v 48. Were not checking if you have enough money to buy a house, were checking if you have enough money to rent. Poverty rates for foreign born people are similar by tenure to UK born people, but higher for social renters than owner occupiers. Obviously there is a chicken and egg here, but the very nature of British born means you are more likely to have money saved or inherited than a foreign born. httpss3.eucentral1.amazonaws.comfrontifyenterprisefileseujosephrowntreefoundationfileKBTQr9ZHrKwTYJHr9JC7.pdf?responsecontentdispositionattachment3B20filename3D222016hughesandkenway3223final.pdf22XAmzContentSha256UNSIGNEDPAYLOADXAmzAlgorithmAWS4HMACSHA256XAmzCredentialAKIARW2DEZZ4M6T74Q2N2F202412052Feucentral12Fs32Faws4requestXAmzDate20241205T084420ZXAmzSignedHeadershostXAmzExpires518400XAmzSignature7cdc659286185a66d8c0b55fcc2a9d46662cb0164888d20134bf914838863845",False,True,disapprove,need to consider the high rental rate for the foreign born people,disagree,neutral
47,income tax,1dm7tei,https://www.reddit.com/r/ukpolitics/comments/1dm7tei/would_a_wealth_adjusted_income_tax_make_sense/,2024-06-22 23:51:45,Would a wealth adjusted income tax make sense?,l9twuvc,https://www.reddit.com/r/ukpolitics/comments/1dm7tei/would_a_wealth_adjusted_income_tax_make_sense/l9twuvc/,2024-06-23 00:23:00,5,It would make more sense just to tax property more effectively and productively than to make income tax even more complicated,False,False,disapprove,just to tax property effectively and don’t make income tax complicated,disagree,approve
49,minimum wage,1jplpoi,https://www.reddit.com/r/ukpolitics/comments/1jplpoi/minimum_wage_rises_do_not_seem_to_boost_uk/,2025-04-02 11:55:32,Minimum wage rises do not seem to boost UK productivity,ml09xr2,https://www.reddit.com/r/ukpolitics/comments/1jplpoi/minimum_wage_rises_do_not_seem_to_boost_uk/ml09xr2/,2025-04-02 12:35:19,8,I work for a nonprofit charity. There was no exemption for charities in the national insurance raise. Were now having to do redundancies because of it. Taxing charities into job cuts really isnt the hallmark of a productive economy.,False,False,disapprove,non-profit charity can’t take national insurance rising,disagree,approve
50,national insurance,x5ijfr,https://www.reddit.com/r/ukpolitics/comments/x5ijfr/paul_brand_on_twitter_liz_truss_says_it_is_fair/,2022-09-04 10:13:44,Paul Brand on Twitter: Liz Truss says “it is fair” that her national insurance cut will benefit the richest to the tune of about £2k and do relatively little for the lowest paid. She argues there has been too much focus on the distribution of income in the past twenty years.,in3re8c,https://www.reddit.com/r/ukpolitics/comments/x5ijfr/paul_brand_on_twitter_liz_truss_says_it_is_fair/in3re8c/,2022-09-04 22:14:42,3,"Were fed up of equality in this country! Who cares about wage inequality? They obviously dont work hard enough or smart enough. The lgbtqs have had their day now why should we change our beliefs for them? Put women back in the kitchen because someone needs to make the sandwiches. Bring back smacking and the death penalty, bloody soft touches, look at what being kind has done to this country! s",False,False,approve,,agree,approve
51,council tax,1aen6xs,https://www.reddit.com/r/ukpolitics/comments/1aen6xs/wales_has_been_brave_enough_to_completely_rethink/,2024-01-30 12:23:26,"Wales has been brave enough to completely rethink the hated council tax. Take note, England",kk9105v,https://www.reddit.com/r/ukpolitics/comments/1aen6xs/wales_has_been_brave_enough_to_completely_rethink/kk9105v/,2024-01-30 12:42:24,18,"Good to see them proposing further changes. Wales did actually carry out rebanding back in 2003. Theyve also brought in reforms banning imprisonment for nonpayment a few years back, and reviewed the income thresholds for recovery via an attachment of earnings. England is still using thresholds that havent been updated in over a decade. Still, the tax itself is regressive in structure as mentioned. Taxing residents based on indirect property valuation. But that catches lower income families and renters, who have little say in, and gain no benefit from the value of the homes they live in. In an ideal world council tax would be abolished, and replaced with a localized income tax perhaps topsliced from what HMRC already collects. And an explicit landtax paid by property owners. something common elsewhere in the world.",False,False,approve,,agree,approve
53,income tax,1ay8e12,https://www.reddit.com/r/ukpolitics/comments/1ay8e12/reform_partys_draft_manifesto_would_raise_40p/,2024-02-23 18:50:10,Reform Party’s draft manifesto would raise 40p income tax threshold to £70k,krtq32i,https://www.reddit.com/r/ukpolitics/comments/1ay8e12/reform_partys_draft_manifesto_would_raise_40p/krtq32i/,2024-02-23 21:19:21,1,BoJo promised something similar and then reneged on it if I recall?,False,False,disapprove,politicians renege their promises,disagree,approve
54,national insurance,x5ijfr,https://www.reddit.com/r/ukpolitics/comments/x5ijfr/paul_brand_on_twitter_liz_truss_says_it_is_fair/,2022-09-04 10:13:44,Paul Brand on Twitter: Liz Truss says “it is fair” that her national insurance cut will benefit the richest to the tune of about £2k and do relatively little for the lowest paid. She argues there has been too much focus on the distribution of income in the past twenty years.,in3hqs8,https://www.reddit.com/r/ukpolitics/comments/x5ijfr/paul_brand_on_twitter_liz_truss_says_it_is_fair/in3hqs8/,2022-09-04 21:05:59,3,"The economic recovery was built off of the back of workers. We havent seen any considerable wage increase for more than a decade. Do these people realise that unless the poor and working class have money, we cant buy the shit that the rich supply. At some point businesses will be making goods that no one can buy because they already have all the money.",False,False,disapprove,the economic recovery should focus on the workers and raise the salary,disagree,neutral
55,minimum wage,1jplpoi,https://www.reddit.com/r/ukpolitics/comments/1jplpoi/minimum_wage_rises_do_not_seem_to_boost_uk/,2025-04-02 11:55:32,Minimum wage rises do not seem to boost UK productivity,ml08udk,https://www.reddit.com/r/ukpolitics/comments/1jplpoi/minimum_wage_rises_do_not_seem_to_boost_uk/ml08udk/,2025-04-02 12:26:39,10,"As an employer in an impoverished part of the UK that generally pays 1020 above minimum wage for unskilled employees. This is too quick, too soon. This is going to really hurt small businesses. Outsourcing and automation is now a no brainer. The remote workers of The Phillipines, Bangladesh and India will be thankful. Were living in a different world.",False,False,approve,small businesses are hurt,agree,neutral
56,poverty,1gqh9vn,https://www.reddit.com/r/ukpolitics/comments/1gqh9vn/gordon_brown_were_seeing_poverty_i_never_thought/,2024-11-13 16:45:35,Gordon Brown: ‘We’re seeing poverty I never thought I’d see again’,lx8xbol,https://www.reddit.com/r/ukpolitics/comments/1gqh9vn/gordon_brown_were_seeing_poverty_i_never_thought/lx8xbol/,2024-11-15 11:29:47,0,"And tax credits created a boom in benefit babies. Believe me, I worked with single parents. Girls of 25 with 7 kids, no benefit cap or two child limit. They could pull in 560 a week just for the kids.",False,False,disapprove,welfare claimers are unlimited,disagree,approve
57,national insurance,1gfmgq3,https://www.reddit.com/r/ukpolitics/comments/1gfmgq3/employers_national_insurance_rise_is_bigger_than/,2024-10-30 13:25:36,Employers' national insurance rise is bigger than predicted as chancellor seeks to raise £40bn in taxes | Politics News,luipdcn,https://www.reddit.com/r/ukpolitics/comments/1gfmgq3/employers_national_insurance_rise_is_bigger_than/luipdcn/,2024-10-30 13:36:04,9,Will create serious challenges to businesses. This will have a knock on for employees,False,False,disapprove,will create serious challenges to businesses,disagree,neutral
58,poverty,1eaz040,https://www.reddit.com/r/ukpolitics/comments/1eaz040/by_disciplining_mps_for_voting_to_pull_children/,2024-07-24 12:23:05,"By disciplining MPs for voting to pull children out of poverty, Keir Starmer has shown us who he really is | Owen Jones",lep0i0v,https://www.reddit.com/r/ukpolitics/comments/1eaz040/by_disciplining_mps_for_voting_to_pull_children/lep0i0v/,2024-07-24 12:55:35,14,I dont understand the long term goals of these rebels.,False,False,disapprove,don’t see the long term goals,disagree,approve
59,minimum wage,1ep27vy,https://www.reddit.com/r/ukpolitics/comments/1ep27vy/reeves_set_to_sign_off_above_inflation_rise_in/,2024-08-10 21:12:50,Reeves set to sign off above inflation rise in minimum wage,lhkevtl,https://www.reddit.com/r/ukpolitics/comments/1ep27vy/reeves_set_to_sign_off_above_inflation_rise_in/lhkevtl/,2024-08-11 10:44:06,1,Anyone know if theyre getting rid of the bands for different ages,False,False,neutral,,neutral,approve
60,poverty,1dl5ayz,https://www.reddit.com/r/ukpolitics/comments/1dl5ayz/do_the_reform_party_care_about_poverty_and_poor/,2024-06-21 15:26:39,Do the Reform party care about poverty and poor people?,l9mjg86,https://www.reddit.com/r/ukpolitics/comments/1dl5ayz/do_the_reform_party_care_about_poverty_and_poor/l9mjg86/,2024-06-21 16:12:51,-1,"Majority of people on this subreddit hate Reform, asking this here is like asking a Labour MP his opinion on Reform.",False,False,neutral,people on this sub-reddit are mostly Labour alined,neutral,disapprove
61,income tax,16lnxn8,https://www.reddit.com/r/ukpolitics/comments/16lnxn8/liz_truss_minibudget_nearly_included_flat_20p/,2023-09-18 07:35:00,Liz Truss mini-budget nearly included flat 20p rate of income tax. Proposal from Jacob Rees-Mogg described as going ‘full Estonia’.,k13nvad,https://www.reddit.com/r/ukpolitics/comments/16lnxn8/liz_truss_minibudget_nearly_included_flat_20p/k13nvad/,2023-09-18 09:42:49,88,Nearly included A ReesMogg idea that was too crazy even for the TrussKwarteng government.,False,False,disapprove,?,disagree,neutral
62,income tax,109xakq,https://www.reddit.com/r/ukpolitics/comments/109xakq/the_times_has_also_been_told_that_the_treasury_is/,2023-01-12 11:19:33,"The Times has also been told that the Treasury is discussing giving people tax breaks to go back to work Discussion is at an early stage, but there's talk around allowances and even exempting over 50s from income tax",j41nzwn,https://www.reddit.com/r/ukpolitics/comments/109xakq/the_times_has_also_been_told_that_the_treasury_is/j41nzwn/,2023-01-12 15:47:30,0,Maybe not over 50s but sort of makes sense to me with an aging population this makes a lot of sense. Maybe over 60s more sensible.,False,False,approve,sensible for older people,agree,neutral
65,minimum wage,1jpxvbr,https://www.reddit.com/r/ukpolitics/comments/1jpxvbr/the_minimum_wage_is_too_high/,2025-04-02 20:45:39,The minimum wage is too high,ml2x0xq,https://www.reddit.com/r/ukpolitics/comments/1jpxvbr/the_minimum_wage_is_too_high/ml2x0xq/,2025-04-02 20:59:57,3,"This is yet another downstream effect of mass migration. With access to unlimited cheap labour, we need the minimum wage as a check against migrants who would work for half of the minimum age. This comes with other costs elsewhere the market always finds a way, the minimum wage jobs now are going to be more intense and less accessible, likely part of the reason why people prefer to stay on sickness benefits.",False,False,disapprove,downstream effect of mass migration,disagree,approve
66,income tax,1g734n2,https://www.reddit.com/r/ukpolitics/comments/1g734n2/budget_2024_reeves_considers_income_tax_threshold/,2024-10-19 07:48:01,Budget 2024: Reeves considers income tax threshold freeze,lsnfm25,https://www.reddit.com/r/ukpolitics/comments/1g734n2/budget_2024_reeves_considers_income_tax_threshold/lsnfm25/,2024-10-19 07:48:32,9,Sounds like it is going to be horrific budget. So much for a positive change labour,False,False,disapprove,not a positive change brought by the Labour party,disagree,neutral
67,national insurance,wib44r,https://www.reddit.com/r/ukpolitics/comments/wib44r/liz_truss_will_seek_to_bring_in_national/,2022-08-07 09:50:08,Liz Truss will seek to bring in National Insurance cut immediately,ijbi1q1,https://www.reddit.com/r/ukpolitics/comments/wib44r/liz_truss_will_seek_to_bring_in_national/ijbi1q1/,2022-08-07 16:14:03,5,"Its a drop in the ocean, its worth something like a quarter of one of the cap increases. And it assumes you pay NI in the first place. Itll achieve nothing.",False,False,disapprove,it’s a useless move,disagree,neutral
68,national insurance,1jsghy1,https://www.reddit.com/r/ukpolitics/comments/1jsghy1/andrew_neil_tomorrows_25bn_national_insurance/,2025-04-06 00:19:43,ANDREW NEIL: Tomorrow's £25bn national insurance rise is the most self-harming tax in history,mlnt12a,https://www.reddit.com/r/ukpolitics/comments/1jsghy1/andrew_neil_tomorrows_25bn_national_insurance/mlnt12a/,2025-04-06 07:17:59,6,Wait until they raise taxes on the middle class on the pretense of Trumps BS,False,False,disapprove,,disagree,approve
69,council tax,1gr6v0o,https://www.reddit.com/r/ukpolitics/comments/1gr6v0o/minister_hints_at_council_tax_shakeup_that_would/,2024-11-14 15:08:41,Minister hints at council tax shake-up that would hit owners of large homes,lx3mj1q,https://www.reddit.com/r/ukpolitics/comments/1gr6v0o/minister_hints_at_council_tax_shakeup_that_would/lx3mj1q/,2024-11-14 15:38:15,9,"AHH I see the telegraph is doing its usual they havent expressly said no so it MUST be happening move I can recall there being reports of changing it to 18 bands, mad places like the telegraph making clear it is absolutely going to happen and will be in the manifesto, then it would be in the budget, now they are trying the same tactic when someone clarified how finance will work being part of the plan in January, which is exactly the same as all other years. Can they give it a rest with the outright lies already?",False,False,disapprove,media is interpreting the minister’s hint too much,disagree,approve
70,minimum wage,1do04uu,https://www.reddit.com/r/ukpolitics/comments/1do04uu/weekly_real_wage_growth_just_16_since_2010_but/,2024-06-25 08:23:37,Weekly real wage growth just £16 since 2010 but minimum wage one of the worlds highest,la7d8ee,https://www.reddit.com/r/ukpolitics/comments/1do04uu/weekly_real_wage_growth_just_16_since_2010_but/la7d8ee/,2024-06-25 14:39:36,8,It also brings in the issue this country has with bad management and managers. The only way to get a pay rise once you reach the top of your current job is to move into management but thats a completely different set of skills. Just because you were great at your job doesnt mean youd make a good manager and we now have a horde of bad managers who got promoted for the pay rise but couldnt manage and now they have management jobs on their cvs they hop between companies and keeep the cycle going,False,False,approve,bad management and managers,agree,neutral
71,income tax,y67akt,https://www.reddit.com/r/ukpolitics/comments/y67akt/income_tax_wont_be_cut_and_energy_bill_cap_could/,2022-10-17 11:19:26,Income tax WON'T be cut and energy bill cap could end in APRIL: New Chancellor Jeremy Hunt takes a wrecking ball to Trussonomics with frantic overhaul to save government cash - as Tories warn PM must be out in DAYS and ministers refuse to defend her on TV,isns3xi,https://www.reddit.com/r/ukpolitics/comments/y67akt/income_tax_wont_be_cut_and_energy_bill_cap_could/isns3xi/,2022-10-17 12:07:53,2,"Right now it looks like Hunt is PM, Truss is a really shit version of The Queen and Charles is some sort of weird talking ornament that you find embarrassing, but was also a present, so you have to bring him out when the inlaws come over.",False,False,neutral,,neutral,neutral
73,national insurance,18zwbev,https://www.reddit.com/r/ukpolitics/comments/18zwbev/today_we_cut_national_insurance_by_2/,2024-01-06 09:29:12,Today we cut National Insurance by 2%.,kgkkoff,https://www.reddit.com/r/ukpolitics/comments/18zwbev/today_we_cut_national_insurance_by_2/kgkkoff/,2024-01-06 11:22:17,1,"Tories put it up by 1.25 a year or so ago. So, its really 0.75 cut in recent times.",False,False,neutral,,neutral,approve
74,council tax,1fmy24v,https://www.reddit.com/r/ukpolitics/comments/1fmy24v/rachel_reeves_wont_scrap_single_person_council/,2024-09-22 18:02:51,Rachel Reeves won’t scrap single person council tax discount,loectvq,https://www.reddit.com/r/ukpolitics/comments/1fmy24v/rachel_reeves_wont_scrap_single_person_council/loectvq/,2024-09-22 19:05:31,17,She needs to scrap singledom itself... cant be fucked dealing with tinder anymore.,False,False,neutral,,neutral,approve
75,minimum wage,1jplpoi,https://www.reddit.com/r/ukpolitics/comments/1jplpoi/minimum_wage_rises_do_not_seem_to_boost_uk/,2025-04-02 11:55:32,Minimum wage rises do not seem to boost UK productivity,ml06h2y,https://www.reddit.com/r/ukpolitics/comments/1jplpoi/minimum_wage_rises_do_not_seem_to_boost_uk/ml06h2y/,2025-04-02 12:06:41,659,"Productivity is, in the main, determined by the employer not the worker. They control the capital, are responsible for reinvesting in the business, and determine policies and practices. Workers on the other hand have a marginal impact. Yes some work harder than other but all need to meet a minimum standard of productivity or the risk being fired. Even if they work incredibly hard, their productivity is bounded by the structure of the companyinstitution as a whole. Also worth noting is that minimum wage has nothing to do with productivity. Its there to ensure that employers are paying just shy of what the average adult need to sustain themselves. The reason it keeps increasing is that the cost of living keeps rising.",False,False,approve,minimum wage has nothing to do with productivity ,agree,disapprove
76,national insurance,1b72d1t,https://www.reddit.com/r/ukpolitics/comments/1b72d1t/jeremy_hunt_will_cut_national_insurance_by_2p_in/,2024-03-05 10:45:49,Jeremy Hunt will cut national insurance by 2p in the budget || Chancellor decides against tax cuts after OBR forecast,ktj2wgm,https://www.reddit.com/r/ukpolitics/comments/1b72d1t/jeremy_hunt_will_cut_national_insurance_by_2p_in/ktj2wgm/,2024-03-05 23:30:08,2,The economy is fucked if even in desperation the Tories cant give tax cuts. This is literally an admission than the economy would collapse if they tried to cut taxes thats how much of a precipice we are on.,False,False,neutral,it’s a signal that the economy is down,neutral,neutral
77,minimum wage,1htlc72,https://www.reddit.com/r/ukpolitics/comments/1htlc72/lowest_graduate_salaries_on_a_par_with_minimum/,2025-01-04 18:52:02,Lowest graduate salaries ‘on a par with minimum wage’ - The shrinking pay gap raises fears that university may be a waste of money for many students and could turn disaffected young people towards political extremes,m5eox6b,https://www.reddit.com/r/ukpolitics/comments/1htlc72/lowest_graduate_salaries_on_a_par_with_minimum/m5eox6b/,2025-01-04 20:26:12,7,Is parity between the shelfstacker and the PhD not a cause for socialist celebration? Thats a halfserious question actually. Its funny how many people on here lose their taste for class equality when graduates no longer command a premium in the labour market. I know people will come back with well what about CEOsbankerswhatever. But if we just look at these two groups graduates and minimum wage workers why would they not be paid the same or at least according to their needs in socialist utopia?,False,False,disapprove,graduate and minimum wage workers should be paid similar in socialist utopia,disagree,neutral
78,national insurance,1b7wvof,https://www.reddit.com/r/ukpolitics/comments/1b7wvof/how_much_money_would_you_save_with_jeremy_hunts/,2024-03-06 10:55:20,How much money would you save with Jeremy Hunt’s 2p National Insurance cut? | The Independent,ktlg5zp,https://www.reddit.com/r/ukpolitics/comments/1b7wvof/how_much_money_would_you_save_with_jeremy_hunts/ktlg5zp/,2024-03-06 11:42:00,7,"When you work out the monthly increase, its so small as to be meaningless. Not even a full tank of fuel in most cars for those on the lowest salaries.",False,False,disapprove,most people can’t save anything,disagree,neutral
79,national insurance,1cmces1,https://www.reddit.com/r/ukpolitics/comments/1cmces1/reeves_says_lawson_was_right_on_national_insurance/,2024-05-07 14:51:39,Reeves says Lawson was right on National Insurance,l30h9ys,https://www.reddit.com/r/ukpolitics/comments/1cmces1/reeves_says_lawson_was_right_on_national_insurance/l30h9ys/,2024-05-07 19:04:35,6,I strongly disagree with this stance and think its a real shame that Labour has used the issue as a political football rather than consider the merits of it. Unless Labour genuinely believes that pensioners should pay less tax on their income than working people.,False,False,disapprove,shame for Labour not consider the issue seriously,disagree,approve
81,minimum wage,1gf15o1,https://www.reddit.com/r/ukpolitics/comments/1gf15o1/budget_2024_minimum_wage_workers_to_get_huge_pay/,2024-10-29 18:05:42,Budget 2024: Minimum wage workers to get huge pay boost - what it means for you,luecneu,https://www.reddit.com/r/ukpolitics/comments/1gf15o1/budget_2024_minimum_wage_workers_to_get_huge_pay/luecneu/,2024-10-29 19:21:02,141,"Cant believe this, what are you all arguing over? The headline sounds positive, giving rise to people on the lowest peg of the working world. Yet, people moaning and complaining who are skilled, telling people they should just rot and be led to starve, in this neverending capitalist society. Where you only matter If deemed worthy and the unskilled labour pool should just slowly die off.",False,False,approve,the arguments that disagree with the post’s content just think people who on the lowest peg don’t deserve the rise,agree,approve
82,national insurance,1dd5y10,https://www.reddit.com/r/ukpolitics/comments/1dd5y10/tories_to_pledge_further_2p_national_insurance/,2024-06-11 05:48:01,Tories to pledge further 2p National Insurance cut in manifesto,l832ct6,https://www.reddit.com/r/ukpolitics/comments/1dd5y10/tories_to_pledge_further_2p_national_insurance/l832ct6/,2024-06-11 08:35:55,6,"Oh wow, Ill ignore everything else and vote for them now!",False,False,approve,will vote for them because of this,agree,approve
83,national insurance,1gfzw79,https://www.reddit.com/r/ukpolitics/comments/1gfzw79/why_do_people_think_that_only_uk_companies_will/,2024-10-30 22:58:48,Why do people think that only UK companies will be unable to survive a small rise in Employer’s National Insurance? ,luny3s3,https://www.reddit.com/r/ukpolitics/comments/1gfzw79/why_do_people_think_that_only_uk_companies_will/luny3s3/,2024-10-31 08:17:02,2,I think your point is valid in the sense that it doesnt guarantee that wages will continue to stagnate. Wages in many industries have been declining relative to inflation for years. I think the problem is that no one thinks this will lead to better wages.,False,False,approve,wages are actually declining,agree,neutral
84,income tax,1igk20t,https://www.reddit.com/r/ukpolitics/comments/1igk20t/ten_million_pensioners_to_be_hit_with_income_tax/,2025-02-03 07:52:16,Ten million pensioners to be hit with income tax bill,mapha34,https://www.reddit.com/r/ukpolitics/comments/1igk20t/ten_million_pensioners_to_be_hit_with_income_tax/mapha34/,2025-02-03 08:37:51,1,Depressing reporting. When? how much why? Will labour still be in government in 2032?,False,False,disapprove,media report being irresponsible ,disagree,approve
85,poverty,1f5hc6x,https://www.reddit.com/r/ukpolitics/comments/1f5hc6x/nhs_nurses_from_overseas_pushed_into_poverty_by/,2024-08-31 08:01:22,NHS nurses from overseas ‘pushed into poverty’ by UK welfare rules | Exclusive: nursing body says staff are being punished by benefits policy for those on temporary visas,lksw63k,https://www.reddit.com/r/ukpolitics/comments/1f5hc6x/nhs_nurses_from_overseas_pushed_into_poverty_by/lksw63k/,2024-08-31 09:00:20,57,"Never mind the overseas workers bit, its wild that anyone working a professional job that requires a degree needs housing benefit or UC to not be in poverty.",False,False,neutral,it’s not right that anyone works in a professional job need the welfare system to stay out of poverty,neutral,neutral
86,minimum wage,180l6jc,https://www.reddit.com/r/ukpolitics/comments/180l6jc/minimum_wage_to_rise_to_1144_per_hour/,2023-11-21 16:38:09,Minimum wage to rise to £11.44 per hour,ka77b6a,https://www.reddit.com/r/ukpolitics/comments/180l6jc/minimum_wage_to_rise_to_1144_per_hour/ka77b6a/,2023-11-21 19:34:00,2,So the headline says minimum wage but the article talks about national living wage so which one is increasing? If its national living wage my work uses the excuse that its not mandatory to pay so wont increase it.,False,False,neutral,,neutral,approve
87,poverty,1ekl5b4,https://www.reddit.com/r/ukpolitics/comments/1ekl5b4/to_what_degree_if_any_did_poverty_and_wealth/,2024-08-05 12:13:45,To what degree (if any) did poverty and wealth inequality cause these riots?,lgo87bb,https://www.reddit.com/r/ukpolitics/comments/1ekl5b4/to_what_degree_if_any_did_poverty_and_wealth/lgo87bb/,2024-08-05 22:25:02,4,Give us a break. The whole Poverty and wealth inequality angle is just thinly veiled apologism. Scandinavia and Germany saw massive increases in living standards in the 2000s yet far right views surged in popularity. Same story with the BNP during the BlairBrown era. Poor white people in cities are generally much more tolerant of immigrants and minorities than wealthy white people in rural areas. An abundance of those arrested will be of the tech house brofootball hooligan demographic skilled manual jobstrades with a decent amount of disposable income.,False,False,disapprove,it's the wealthy people that are intolerant on immigrants and minorities,disagree,approve
88,council tax,1afcocu,https://www.reddit.com/r/ukpolitics/comments/1afcocu/britains_council_tax_is_arbitrary_regressive_and/,2024-01-31 07:53:28,"Britain’s council tax is arbitrary, regressive and needs fixing",ko9dyg2,https://www.reddit.com/r/ukpolitics/comments/1afcocu/britains_council_tax_is_arbitrary_regressive_and/ko9dyg2/,2024-01-31 09:32:30,26,"People in Hull are paying more than the people in Central London. Thats saying it all, really.",False,False,approve,regional disparity on burdens,agree,neutral
89,minimum wage,1jpxvbr,https://www.reddit.com/r/ukpolitics/comments/1jpxvbr/the_minimum_wage_is_too_high/,2025-04-02 20:45:39,The minimum wage is too high,ml2y40o,https://www.reddit.com/r/ukpolitics/comments/1jpxvbr/the_minimum_wage_is_too_high/ml2y40o/,2025-04-02 21:05:01,8,Brought to us by Mr. the iPhone wont make a longterm mark on the industry.,False,False,disapprove,this is just denying the reality,disagree,disapprove
90,minimum wage,qiaxer,https://www.reddit.com/r/ukpolitics/comments/qiaxer/jeremy_corbyn_mp_bankers_will_be_as_delighted/,2021-10-29 12:42:47,"Jeremy Corbyn MP: Bankers will be as delighted with the Chancellor’s gift of a £4bn tax cut as he appeared to be when he failed to deliver for the most vulnerable, skipped over a proper minimum wage and/or a decent pension (the triple-lock) & hastened climate change (cutting air passenger tax)",hii1ly1,https://www.reddit.com/r/ukpolitics/comments/qiaxer/jeremy_corbyn_mp_bankers_will_be_as_delighted/hii1ly1/,2021-10-29 12:46:19,8,Yes. But something something Stalinism.,False,False,neutral,?,neutral,neutral
91,national insurance,1ga4yyu,https://www.reddit.com/r/ukpolitics/comments/1ga4yyu/rachel_reeves_to_protect_publicsector_workers/,2024-10-23 08:47:49,Rachel Reeves to protect public-sector workers from tax raid - The NHS and government departments will be exempt from the chancellor’s plan to impose national insurance on employers’ pension contributions,ltb8yub,https://www.reddit.com/r/ukpolitics/comments/1ga4yyu/rachel_reeves_to_protect_publicsector_workers/ltb8yub/,2024-10-23 09:40:56,-1,"Private pensioners were too good to be true. The government is in capable of letting any stream of money going untaxed. They are obsessed with taking more and more of our money. This own be the first hit on employers or pensions under Labour and it will all be under this false nation that Labour arent taking working people. And once this new steam of money gets wasted or embezzled, theyll up income taxwhich of course they already are for to fiscal drag.",False,False,disapprove,Labour aren’t taking working people,disagree,approve
92,minimum wage,1gfssec,https://www.reddit.com/r/ukpolitics/comments/1gfssec/xiaowei_xu_the_rise_in_employer_costs_for_low/,2024-10-30 17:55:31,"Xiaowei Xu: The rise in employer costs for low earners (10th percentile) is more than double the rise for average earners. Together with the rise in the minimum wage, this means a big increase in costs for businesses hiring low-paid workers (hospitality, retail etc).",lukai6m,https://www.reddit.com/r/ukpolitics/comments/1gfssec/xiaowei_xu_the_rise_in_employer_costs_for_low/lukai6m/,2024-10-30 18:23:31,9,"Yup, its going to be a hard hit for low wage businesses.",False,False,approve,it's going to hit hard on low wage businesses,agree,approve
93,income tax,1ji2gdy,https://www.reddit.com/r/ukpolitics/comments/1ji2gdy/how_much_do_people_actually_know_about_the_10_of/,2025-03-23 15:57:00,"How much do people actually know about ""The 10% of income taxpayers with the largest incomes contribute over 60% of income tax receipts."" and majority of population in the UK being net recipient ""53.8% of all UK individuals were net recipients""?",mjduo1x,https://www.reddit.com/r/ukpolitics/comments/1ji2gdy/how_much_do_people_actually_know_about_the_10_of/mjduo1x/,2025-03-23 22:23:21,1,"The fact that over half of working Brits are net recipients of the funds provided by taxation is a damning indictment of either our tax system or our inequality, or far more likely both.",False,False,approve,the tax system is probabmatic ,agree,approve
94,income tax,14id42n,https://www.reddit.com/r/ukpolitics/comments/14id42n/starmer_indicates_he_will_not_raise_income_tax/,2023-06-25 05:48:47,Starmer indicates he will not raise income tax for top earners,jpg1ynm,https://www.reddit.com/r/ukpolitics/comments/14id42n/starmer_indicates_he_will_not_raise_income_tax/jpg1ynm/,2023-06-25 09:37:36,127,Basically Labour are just trying hard as possible to say as little as possible as the polls look absolutely grim for the government. Never interrupt your enemy when he is making a mistake,False,False,neutral,Labour just take advantage when Tory makes mistakes,neutral,approve
95,minimum wage,1gfvrdg,https://www.reddit.com/r/ukpolitics/comments/1gfvrdg/snap_budget_poll_increased_nhs_funding_support_71/,2024-10-30 20:00:20,"Snap budget poll: 🏥 Increased NHS Funding: Support: 71% Oppose: 15% 💰 Raising Minimum Wage: Support: 69% Oppose: 14% ⛽ Fuel Duty Freeze: Support: 63% Oppose: 14% 🏢 Rise in Employer NICs: Support: 37% Oppose: 33% 🚌 Increasing Bus Fare Cap: Support: 23% Oppose: 52% Via @Savanta_UK, 30 Oct.",lulf8h3,https://www.reddit.com/r/ukpolitics/comments/1gfvrdg/snap_budget_poll_increased_nhs_funding_support_71/lulf8h3/,2024-10-30 21:43:26,-9,What about inheritance tax on pensions pots at 40 plus income tax so now 60 or 80 tax!!! Pension pots are a type of trust and used to be pension pots SIPP were taxed at the beneficiarys income rate as they draw income. These new changes will mean an immediate 40 charge is paid on the value of a pension pots! This is in addition to income tax. It will affect all normal working families. I.e your dad gives you 1000. IHT is 400. Income tax 200400. Your left with 200400 of the 1000 your family left you.,False,False,neutral,inheritance tax is adding normal working families’ burdens,neutral,approve
96,national insurance,1gfmgq3,https://www.reddit.com/r/ukpolitics/comments/1gfmgq3/employers_national_insurance_rise_is_bigger_than/,2024-10-30 13:25:36,Employers' national insurance rise is bigger than predicted as chancellor seeks to raise £40bn in taxes | Politics News,lujg826,https://www.reddit.com/r/ukpolitics/comments/1gfmgq3/employers_national_insurance_rise_is_bigger_than/lujg826/,2024-10-30 15:54:25,300,"Not necessarily defending Labour herr but, Honestly at a loss for people actually want at this point. We are a nation of people who would rather bitch and moan at any change whilst simultaneously moaning that nothing is changing and thats the issue. We all know that ultimately the facts are that there isnt enough money but there needs to be big changes made that will require money. Labour were going to get skewered either way by everyone because there isnt a silver bullet here. And Ive so far seen no real suggestions for an alternative that could work.",False,False,approve,this is inevitable considering the reality of there isn’t enough money,agree,approve
97,income tax,1g2wawh,https://www.reddit.com/r/ukpolitics/comments/1g2wawh/one_million_top_taxpayers_pay_more_than_two/,2024-10-13 19:29:37,One million top taxpayers pay more than two fifths of all income tax,lrv0onq,https://www.reddit.com/r/ukpolitics/comments/1g2wawh/one_million_top_taxpayers_pay_more_than_two/lrv0onq/,2024-10-14 12:39:35,1,"what the hell. When count average salary. It counts working people. But when calculating income tax contributions , it counts all people.",False,False,disapprove,unfair calculation method,disagree,approve
98,income tax,181whpl,https://www.reddit.com/r/ukpolitics/comments/181whpl/millions_of_workers_to_be_dragged_into_40pc/,2023-11-23 08:19:40,Millions of workers to be dragged into 40pc income tax band. ‘Fiscal drag’ phenomenon will also mean a further four million on relatively low incomes will be captured by tax system.,kaf6byw,https://www.reddit.com/r/ukpolitics/comments/181whpl/millions_of_workers_to_be_dragged_into_40pc/kaf6byw/,2023-11-23 09:48:48,63,"The government have also made no attempt to fix the 5060k cliff edge for parents, and the 60 marginal rate that applies on incomes between 100 and 120k. They just leave it. Youve got senior doctors and medical consultants deliberately working fewer hours because of it. People earning 50k will not bother applying for promotions because of it. Is it incompetence? Laziness?",False,False,approve,government is not doing something correct to fix this,agree,neutral
99,minimum wage,1htlc72,https://www.reddit.com/r/ukpolitics/comments/1htlc72/lowest_graduate_salaries_on_a_par_with_minimum/,2025-01-04 18:52:02,Lowest graduate salaries ‘on a par with minimum wage’ - The shrinking pay gap raises fears that university may be a waste of money for many students and could turn disaffected young people towards political extremes,m5ke1b2,https://www.reddit.com/r/ukpolitics/comments/1htlc72/lowest_graduate_salaries_on_a_par_with_minimum/m5ke1b2/,2025-01-05 19:05:19,1,"The other side to this was a downplaying of traditional apprenticeship routes towards achieving a fulfilling career. New Labours Education Education Education policy inevitably devalued apprenticeships, contributing to the housing crisis via increased construction costs. University became merely an extension of 6th form and degrees were subsequently devalued forcing graduates to chase a questionable masters degree or PhD in order to distinguish themselves. Nearly all sweeping centralised policies like this lead to unforeseen consequences. Todays academia has so many failings it actively encourages group think with the most independent thinkers and mavericks dropping out due to boredom or frustration. It promotes those who follow instructions to a fault, possessing zero imagination when it should be a hotbed of fresh ideas and innovation. Instead of being an educational institute it became a business selling a product that ignored industry and later developed into a cash cow reliant on training our competitors from rival countries like China and India.",False,False,approve,the university system is the other reason causing this,agree,approve
100,minimum wage,1htlc72,https://www.reddit.com/r/ukpolitics/comments/1htlc72/lowest_graduate_salaries_on_a_par_with_minimum/,2025-01-04 18:52:02,Lowest graduate salaries ‘on a par with minimum wage’ - The shrinking pay gap raises fears that university may be a waste of money for many students and could turn disaffected young people towards political extremes,m5ed1vl,https://www.reddit.com/r/ukpolitics/comments/1htlc72/lowest_graduate_salaries_on_a_par_with_minimum/m5ed1vl/,2025-01-04 19:23:32,23,Have we tried increasing immigration? Ive heard thats great for the economy,False,False,neutral,we could use immigrates to solve the economy issue,neutral,approve
101,income tax,1ay8e12,https://www.reddit.com/r/ukpolitics/comments/1ay8e12/reform_partys_draft_manifesto_would_raise_40p/,2024-02-23 18:50:10,Reform Party’s draft manifesto would raise 40p income tax threshold to £70k,krtc5cn,https://www.reddit.com/r/ukpolitics/comments/1ay8e12/reform_partys_draft_manifesto_would_raise_40p/krtc5cn/,2024-02-23 20:01:30,40,"Given the level of inflation since the current thresholds were last changed, this is about right.",False,False,approve,it's reasonable considering the inflation rate,agree,approve
102,income tax,1gfsox5,https://www.reddit.com/r/ukpolitics/comments/1gfsox5/paul_johnson_obr_has_downgraded_forecast_of/,2024-10-30 17:51:33,"Paul Johnson: OBR has downgraded forecast of household income growth due in part to a ""substantial part of the employer NICs increase being passed onto real wages"". To be clear govt HAD to increase income tax, NI or VAT. But to suggest this doesn't impact people's incomes is ludicrous",lukgjat,https://www.reddit.com/r/ukpolitics/comments/1gfsox5/paul_johnson_obr_has_downgraded_forecast_of/lukgjat/,2024-10-30 18:52:59,58,"If they really wanted to protect working people then they should have rolled NI into income tax. That would specifically target income not earned through work, which is currently taxed at lower rates than income earned through work because it doesnt attract NI.",False,False,approve,current tax structure is not protecting working people,agree,approve
103,national insurance,x5ijfr,https://www.reddit.com/r/ukpolitics/comments/x5ijfr/paul_brand_on_twitter_liz_truss_says_it_is_fair/,2022-09-04 10:13:44,Paul Brand on Twitter: Liz Truss says “it is fair” that her national insurance cut will benefit the richest to the tune of about £2k and do relatively little for the lowest paid. She argues there has been too much focus on the distribution of income in the past twenty years.,in1zp5e,https://www.reddit.com/r/ukpolitics/comments/x5ijfr/paul_brand_on_twitter_liz_truss_says_it_is_fair/in1zp5e/,2022-09-04 15:01:52,3,Im convinced Truss is a secret accelerationist and no one can convince me otherwise.,False,False,neutral,,neutral,approve
104,national insurance,18zwbev,https://www.reddit.com/r/ukpolitics/comments/18zwbev/today_we_cut_national_insurance_by_2/,2024-01-06 09:29:12,Today we cut National Insurance by 2%.,kgkpmmj,https://www.reddit.com/r/ukpolitics/comments/18zwbev/today_we_cut_national_insurance_by_2/kgkpmmj/,2024-01-06 12:19:02,0,"Even though its not going to work well due to the overall tax bracket changes, I will still take it. Its not going to make up for the overall changes to costs and the tax burden, but its still something...",False,False,approve,still would benefit individual,agree,approve
105,poverty,1gfj35i,https://www.reddit.com/r/ukpolitics/comments/1gfj35i/im_a_pensioner_in_fuel_poverty_labour_is/,2024-10-30 10:12:03,"I’m a pensioner in fuel poverty, Labour is attacking older people",luhyey7,https://www.reddit.com/r/ukpolitics/comments/1gfj35i/im_a_pensioner_in_fuel_poverty_labour_is/luhyey7/,2024-10-30 10:20:06,-5,Every single article decrying the poor pensioners has got me proper smiling. All I can think is cope.,False,False,disapprove,pensioners are already enjoying a lot of benefits and should not cry for more,disagree,approve
106,minimum wage,13ehlo1,https://www.reddit.com/r/ukpolitics/comments/13ehlo1/half_of_uk_gig_economy_workers_earn_below_minimum/,2023-05-11 09:57:36,"Half of UK gig economy workers earn below minimum wage, study reveals",jjpx539,https://www.reddit.com/r/ukpolitics/comments/13ehlo1/half_of_uk_gig_economy_workers_earn_below_minimum/jjpx539/,2023-05-11 10:34:03,8,Thats the point of the gig economy,False,False,approve,the nature of gig economy decides its return financially ,agree,approve
107,income tax,1gk2eth,https://www.reddit.com/r/ukpolitics/comments/1gk2eth/bus_fare_hike_same_as_1p_income_tax_rise_on/,2024-11-05 08:51:50,Bus fare hike same as 1p income tax rise on working people who commute - new analysis,lvhzizp,https://www.reddit.com/r/ukpolitics/comments/1gk2eth/bus_fare_hike_same_as_1p_income_tax_rise_on/lvhzizp/,2024-11-05 10:01:42,1,"What really fucks me off though is the bus companies, the costs have gone up as their profits have gone up. Look at the likes of Stagecoach, their price increases since COVID with reduced service provision yet made an extra 100M in turnover last year. Personally i would like to see them take steps to improve services if the prices are going to go up.",False,False,disapprove,the price is up but the service is not,disagree,neutral
108,minimum wage,1jplpoi,https://www.reddit.com/r/ukpolitics/comments/1jplpoi/minimum_wage_rises_do_not_seem_to_boost_uk/,2025-04-02 11:55:32,Minimum wage rises do not seem to boost UK productivity,ml06nhc,https://www.reddit.com/r/ukpolitics/comments/1jplpoi/minimum_wage_rises_do_not_seem_to_boost_uk/ml06nhc/,2025-04-02 12:08:14,117,The only way to see genuine pay increases in this country is be a pensioner or a minimum wage worker.,False,False,approve,the pensioners and minimum wage workers are enjoying quite a lot of benefits,agree,neutral
109,income tax,1jb96h0,https://www.reddit.com/r/ukpolitics/comments/1jb96h0/more_retired_baby_boomers_pay_income_tax_than_gen/,2025-03-14 17:18:08,More retired baby boomers pay income tax than Gen Z,mhs5lif,https://www.reddit.com/r/ukpolitics/comments/1jb96h0/more_retired_baby_boomers_pay_income_tax_than_gen/mhs5lif/,2025-03-14 17:28:47,26,"This is spectacularly obtuse, even for the Telegraph. The oldest Gen Zs are 28 or so, the youngest are around 13. Assuming the majority enter the workplace at 18 that means a full 13 are out of the equation before we even begin. Baby boomers are today between the ages of around 60 to 79. I dont have the raw numbers but its a fair estimate that there are significantly more people in this demographic than there are Gen Z before we even take into account that a full 13 of the latter are still at school. Granted, not all will be retired, but the vast majority will be. Nice of the Telegraph to give their permanently aggrieved readership a bit of ammo to go into the weekend with so they can revel in beating their poor fucking kids and grandkids over the head with it.",False,False,disapprove,the media is making false claims without checking out the facts,disagree,neutral
112,national insurance,1g2s0b3,https://www.reddit.com/r/ukpolitics/comments/1g2s0b3/budget_could_include_rise_in_employers_national/,2024-10-13 16:20:29,"Budget could include rise in employers’ national insurance, minister suggests",lrrv5kr,https://www.reddit.com/r/ukpolitics/comments/1g2s0b3/budget_could_include_rise_in_employers_national/lrrv5kr/,2024-10-13 21:22:00,5,"If Labour actually do this, its worse than being upfront and admitting they are having to break their promise. They are already getting a reputation for being sneaky and underhanded, if they try and pull this and pretend its all ok, the last bit of Starmers insistence hes honest will be gone.",False,False,disapprove,the party is not holding its promises,disagree,neutral
113,income tax,18m3g24,https://www.reddit.com/r/ukpolitics/comments/18m3g24/new_income_tax_band_for_higher_earners_in_scotland/,2023-12-19 14:41:33,New income tax band for higher earners in Scotland,ke47155,https://www.reddit.com/r/ukpolitics/comments/18m3g24/new_income_tax_band_for_higher_earners_in_scotland/ke47155/,2023-12-20 00:52:47,1,Dont Scotland have special perks. Free uni fees for example. Scottish voters cant complain too much about this. More tax for more benefits.,False,False,disapprove,"Scottish voters already enjoyed many benefits, it’s fine to tax more ",disagree,approve
114,national insurance,1gur92a,https://www.reddit.com/r/ukpolitics/comments/1gur92a/retailers_say_national_insurance_rise_makes_job/,2024-11-19 06:48:35,Retailers say national insurance rise makes job losses inevitable,lxwkcfp,https://www.reddit.com/r/ukpolitics/comments/1gur92a/retailers_say_national_insurance_rise_makes_job/lxwkcfp/,2024-11-19 09:56:57,1,I work in food retail middle management and already been announced in certain circles a restructure will happen with job losses.,False,False,neutral,its happening,neutral,neutral
115,minimum wage,qu8pwh,https://www.reddit.com/r/ukpolitics/comments/qu8pwh/real_living_wage_rise_puts_pressure_on_uk/,2021-11-15 05:08:14,"Real living wage rise puts pressure on UK government to raise minimum wage. Living Wage Foundation’s minimum rate rises by 40p to £9.90 an hour, largely due to higher fuel costs and rents.",hkp16kl,https://www.reddit.com/r/ukpolitics/comments/qu8pwh/real_living_wage_rise_puts_pressure_on_uk/hkp16kl/,2021-11-15 07:27:43,43,"I had a pay rise recently and its already disappeared due to rising costs. It seems like the price of petrol has gone up every time I go to fill my car and gaselectric has risen noticeably. Fortunately my mortgage hasnt gone up yet but there is demand from some quarters for interest rates to be increased even though this is just going to make things worse. Financially I can cope with increasing costs of living, even a mortgage increase, but I dread to think how those already struggling to get by or getting close to that point are going to cope. I worry were going to see a wave of people defaulting on their debts and losing assets tied to those debts be it a home or a car. The government seems largely silent on the issue beyond putting up taxes to make things even worse for the working population.",False,False,approve,government is not working on solving the cost of living issue but putting working population into worse situation,agree,neutral
116,minimum wage,vmwhk1,https://www.reddit.com/r/ukpolitics/comments/vmwhk1/richard_burgon_if_people_cant_access_proper_legal/,2022-06-28 21:06:49,"Richard Burgon: If people can't access proper legal representation, there's a real risk of a miscarriage of justice. Yet the Government refuses to properly fund our legal aid system. Many barristers' hourly earnings are below the minimum wage. Solidarity to barristers forced to strike today.",ie5qlga,https://www.reddit.com/r/ukpolitics/comments/vmwhk1/richard_burgon_if_people_cant_access_proper_legal/ie5qlga/,2022-06-29 08:25:38,2,"From the Government who brought you Clap For Carers, were proud to announce our latest programme Bang For Barristers. Show your support for these stalwarts of the justice system by banging pots and pans on a Tuesday evening! Limited edition Lady Justice pin badges are available from the .GOV.UK website, wear your pride in these public servants proudly Britain!",False,False,disapprove,make a sarcastic retort,disagree,approve
117,minimum wage,1htoxqq,https://www.reddit.com/r/ukpolitics/comments/1htoxqq/graduate_salaries_plunge_by_4_since_2001_annual/,2025-01-04 21:29:10,"Graduate salaries plunge by 4% since 2001: Annual wages for university leavers are now at £34,000 - while amount earned by full-time worker on minimum wage surged by 60% to £21,700",m5ifxex,https://www.reddit.com/r/ukpolitics/comments/1htoxqq/graduate_salaries_plunge_by_4_since_2001_annual/m5ifxex/,2025-01-05 12:24:47,-3,Boys Boys are commanding those salaries in corporates. Young women around me from working and middle class backgrounds with 1st class honors from Russell group universities are getting 23k starting and some have bumped up to 27k. over the course of the year. They all talk openly about salary which is refreshing and only the boys 6 went into roles where they were paid 30k from the start.,False,False,disapprove,gender division,disagree,disapprove
119,national insurance,1be17nl,https://www.reddit.com/r/ukpolitics/comments/1be17nl/hunt_says_plan_to_scrap_employee_national/,2024-03-13 20:02:12,Hunt says plan to scrap employee national insurance could ‘take more than a decade’,kurb920,https://www.reddit.com/r/ukpolitics/comments/1be17nl/hunt_says_plan_to_scrap_employee_national/kurb920/,2024-03-13 23:48:07,1,Sure. The first decade will simply be spent not being in power and thus unable to implement it.,False,False,disapprove,make a sarcastic retort,disagree,neutral
120,minimum wage,1idvda7,https://www.reddit.com/r/ukpolitics/comments/1idvda7/karl_williams_apropos_of_nothing_in_the_first_six/,2025-01-30 19:35:32,"Karl Williams: Apropos of nothing, in the first six months of 2024, we gave out 1,063 health & care visas to workers from Zimbabwe. They brought with them 10,670 dependants. That's 10 dependants for every (likely minimum wage) social care worker.",ma66qfg,https://www.reddit.com/r/ukpolitics/comments/1idvda7/karl_williams_apropos_of_nothing_in_the_first_six/ma66qfg/,2025-01-31 09:58:53,1,wtf? They are not here to work. They are here to immigrate their entire families. Bloody infuriating,False,False,disapprove,these immigrates brought their family to take advantage of the system,disagree,approve
121,poverty,1gv3twj,https://www.reddit.com/r/ukpolitics/comments/1gv3twj/winter_fuel_cut_to_put_50000_pensioners_into/,2024-11-19 18:14:38,"Winter fuel cut to put 50,000 pensioners into relative poverty",lxz92ce,https://www.reddit.com/r/ukpolitics/comments/1gv3twj/winter_fuel_cut_to_put_50000_pensioners_into/lxz92ce/,2024-11-19 19:45:01,7,"yawn this, again. If they need it, they can apply for it. Is it a slow news day for the tabloids or something?",False,False,disapprove,make a sarcastic retort,disagree,approve
122,council tax,1f7epcr,https://www.reddit.com/r/ukpolitics/comments/1f7epcr/no_plans_to_raise_council_tax_but_rayner_does_not/,2024-09-02 19:54:15,‘No plans’ to raise council tax but Rayner does not rule out discounts cut,lla0wip,https://www.reddit.com/r/ukpolitics/comments/1f7epcr/no_plans_to_raise_council_tax_but_rayner_does_not/lla0wip/,2024-09-03 10:00:08,5,"So no more taxes for 5M houses, broadest shoulders",False,False,disapprove,make a sarcastic retort,disagree,neutral
123,national insurance,x5ijfr,https://www.reddit.com/r/ukpolitics/comments/x5ijfr/paul_brand_on_twitter_liz_truss_says_it_is_fair/,2022-09-04 10:13:44,Paul Brand on Twitter: Liz Truss says “it is fair” that her national insurance cut will benefit the richest to the tune of about £2k and do relatively little for the lowest paid. She argues there has been too much focus on the distribution of income in the past twenty years.,in2xr17,https://www.reddit.com/r/ukpolitics/comments/x5ijfr/paul_brand_on_twitter_liz_truss_says_it_is_fair/in2xr17/,2022-09-04 18:47:14,3,I just cant wait to find out exactly what deal with the devil was made to allow this soulless fool of a backbencher to become PM.,False,False,disapprove,,disagree,neutral
124,income tax,18sod8s,https://www.reddit.com/r/ukpolitics/comments/18sod8s/tories_urge_sunak_to_focus_on_slashing_income_tax/,2023-12-28 07:43:36,Tories urge Sunak to focus on slashing income tax,kf8p2gv,https://www.reddit.com/r/ukpolitics/comments/18sod8s/tories_urge_sunak_to_focus_on_slashing_income_tax/kf8p2gv/,2023-12-28 07:54:35,14,"They know it wont help the Tories win the election but they will benefit from the tax cut, and they hope that Starmer wont reverse it when he becomes PM.",False,False,disapprove,the Tory elites just want to benefit personally from the policy,disagree,neutral
127,income tax,1g2wawh,https://www.reddit.com/r/ukpolitics/comments/1g2wawh/one_million_top_taxpayers_pay_more_than_two/,2024-10-13 19:29:37,One million top taxpayers pay more than two fifths of all income tax,lrufbqg,https://www.reddit.com/r/ukpolitics/comments/1g2wawh/one_million_top_taxpayers_pay_more_than_two/lrufbqg/,2024-10-14 08:44:17,1,of all income tax Income tax is a relatively minor element of total tax just over half. The top 1 receive 12.5 of all income.,False,False,disapprove,Income tax is a relatively minor element of total tax,disagree,approve
128,national insurance,1gur92a,https://www.reddit.com/r/ukpolitics/comments/1gur92a/retailers_say_national_insurance_rise_makes_job/,2024-11-19 06:48:35,Retailers say national insurance rise makes job losses inevitable,lxwwau0,https://www.reddit.com/r/ukpolitics/comments/1gur92a/retailers_say_national_insurance_rise_makes_job/lxwwau0/,2024-11-19 11:55:55,1,I guess you cant be classified as a working person if you dont have a job. 4D chess from Labour here.,False,False,disapprove,Labour party is playing the diverting game rather than being honest,disagree,neutral
129,poverty,1ikxz05,https://www.reddit.com/r/ukpolitics/comments/1ikxz05/labours_clean_energy_plan_will_not_only_cut/,2025-02-08 21:19:28,Labour’s clean energy plan will not only cut emissions but lift hundreds of thousands out of fuel poverty | Ed Miliband,mbqjgju,https://www.reddit.com/r/ukpolitics/comments/1ikxz05/labours_clean_energy_plan_will_not_only_cut/mbqjgju/,2025-02-08 22:26:51,-1,Of course it wont so hes either blatantly lying or utterly delusional.,False,False,disapprove,the MP is lying or being delusional,disagree,approve
130,council tax,1bsvquw,https://www.reddit.com/r/ukpolitics/comments/1bsvquw/council_tax_to_double_for_80_per_cent_of_second/,2024-04-01 06:39:07,Council tax to double for 80 per cent of second homes,kxjsb2o,https://www.reddit.com/r/ukpolitics/comments/1bsvquw/council_tax_to_double_for_80_per_cent_of_second/kxjsb2o/,2024-04-01 15:41:50,6,"Good, then reduce everyone elses council tax with the funds. Or what is probably going to happen is services still get slashed and the money thats raised disappears into some contract that the politicians have a stake in the business of.",False,False,disapprove,the politicians might just misuse the increased funds,disagree,approve
131,poverty,1ikxz05,https://www.reddit.com/r/ukpolitics/comments/1ikxz05/labours_clean_energy_plan_will_not_only_cut/,2025-02-08 21:19:28,Labour’s clean energy plan will not only cut emissions but lift hundreds of thousands out of fuel poverty | Ed Miliband,mbqm61u,https://www.reddit.com/r/ukpolitics/comments/1ikxz05/labours_clean_energy_plan_will_not_only_cut/mbqm61u/,2025-02-08 22:41:07,15,"Ive only one question really if its really about lifting people out of fuel poverty, why are all of the current energy efficiency consultations suggesting removing the cost to users as a performance metric? It doesnt exactly scream lower costs if the EPC stops answering the question how much does this cost after all.",False,False,disapprove,it doesn’t match the reality and not lowering the cost,disagree,neutral
132,council tax,1i8su9y,https://www.reddit.com/r/ukpolitics/comments/1i8su9y/oxford_citys_second_homes_to_face_200_council_tax/,2025-01-24 10:57:01,Oxford: City's second homes to face 200% council tax charge,m8zb7ew,https://www.reddit.com/r/ukpolitics/comments/1i8su9y/oxford_citys_second_homes_to_face_200_council_tax/m8zb7ew/,2025-01-24 21:12:02,1,It should be done by number of people residing in the house. More people suggests more use of council services.,False,False,disapprove,the council tax should be done by number of people in the household,disagree,approve
133,national insurance,1gfzw79,https://www.reddit.com/r/ukpolitics/comments/1gfzw79/why_do_people_think_that_only_uk_companies_will/,2024-10-30 22:58:48,Why do people think that only UK companies will be unable to survive a small rise in Employer’s National Insurance? ,lusl75w,https://www.reddit.com/r/ukpolitics/comments/1gfzw79/why_do_people_think_that_only_uk_companies_will/lusl75w/,2024-11-01 01:45:57,1,"Scare tactics. But crickey, our wages are pretty low on average compared to others.",False,False,disapprove,wage in the UK is low compare to others,disagree,neutral
135,income tax,1ay8e12,https://www.reddit.com/r/ukpolitics/comments/1ay8e12/reform_partys_draft_manifesto_would_raise_40p/,2024-02-23 18:50:10,Reform Party’s draft manifesto would raise 40p income tax threshold to £70k,krud8l3,https://www.reddit.com/r/ukpolitics/comments/1ay8e12/reform_partys_draft_manifesto_would_raise_40p/krud8l3/,2024-02-23 23:32:26,2,"Its the Liz Truss economic plan, with one key difference If every single person working in the public sector who has any spending power whatsoever, does not make the arbitrarily calculated saving, to pay for whatever tax cuts Tice decides , on within 12 months, then they will face the sack. Beyond the reality of how demotivating such a policy will be, I am half tempted to hope he wins the GE, just to see how he attempts to unpick all of the laws that would prevent him from enacting his plan to be a complete fucking tyrant.",False,False,disapprove,the policy is demotivating working population,disagree,approve
137,poverty,1ekl5b4,https://www.reddit.com/r/ukpolitics/comments/1ekl5b4/to_what_degree_if_any_did_poverty_and_wealth/,2024-08-05 12:13:45,To what degree (if any) did poverty and wealth inequality cause these riots?,lglaktd,https://www.reddit.com/r/ukpolitics/comments/1ekl5b4/to_what_degree_if_any_did_poverty_and_wealth/lglaktd/,2024-08-05 12:22:11,15,"If you narrow the problems of this country to the last 14years then you have a myopic view in the terrible foundations that are pinning up this country. You need to look at the broad picture and understand that first before you can identity whats going wrong to even then identify how to fix it. This country suffers from a continuity problem, weve never really had a major onshore disasterconflict in centuries, so our rules laws, norms are just layers and layers of old tat. And we have sections of society that dont give them up easily but really should let them go. We need to be on the same page but we are all on different pages because our norms and customs are so fucking ancient",False,False,disapprove,the norm and customs in the UK is too old and outdated to handle current social issues,disagree,approve
138,poverty,1dl5ayz,https://www.reddit.com/r/ukpolitics/comments/1dl5ayz/do_the_reform_party_care_about_poverty_and_poor/,2024-06-21 15:26:39,Do the Reform party care about poverty and poor people?,l9mdy10,https://www.reddit.com/r/ukpolitics/comments/1dl5ayz/do_the_reform_party_care_about_poverty_and_poor/l9mdy10/,2024-06-21 15:40:36,2,No. They really only care about immigration.,False,False,neutral,the reform party cares more about immigration than poverty and poor people,neutral,neutral
139,minimum wage,1h4g9cv,https://www.reddit.com/r/ukpolitics/comments/1h4g9cv/sickness_benefits_worth_more_than_minimum_wage_job/,2024-12-01 23:03:11,Sickness benefits worth more than minimum wage job,m02l6le,https://www.reddit.com/r/ukpolitics/comments/1h4g9cv/sickness_benefits_worth_more_than_minimum_wage_job/m02l6le/,2024-12-02 18:19:31,1,Nope its anyones bank account but thats deeper in that particular law...benefits are quite difficult to get I mean you get nothing for the first 6 weeks and take myself at 57 I get less money after my spinal condition was diagnosed 10 years ago than I was on 20 years ago which caused the condition in the first place...find a 60 year old on a building site there all at home with arthritis or something to do with asbestos,False,False,neutral,,neutral,approve
140,minimum wage,1ddop1q,https://www.reddit.com/r/ukpolitics/comments/1ddop1q/labour_to_promise_new_12perhour_minimum_wage_for/,2024-06-11 21:46:55,Labour to promise new £12-per-hour minimum wage for carers,l86h25l,https://www.reddit.com/r/ukpolitics/comments/1ddop1q/labour_to_promise_new_12perhour_minimum_wage_for/l86h25l/,2024-06-11 22:36:08,10,"Im not a senior manager in a care firm so dont know what the margins are, however going by how much some care homes charge people Im assuming it can be lucrative. Care home bosses need to start paying a proper wage to entice British workers into care jobs, cant rely on foreign workers accepting lower wages now since brexit.",False,False,disapprove,"Care home bosses need to start paying a proper wage to entice British workers into care jobs, can’t rely on foreign workers accepting lower wages",disagree,approve
141,national insurance,1cmces1,https://www.reddit.com/r/ukpolitics/comments/1cmces1/reeves_says_lawson_was_right_on_national_insurance/,2024-05-07 14:51:39,Reeves says Lawson was right on National Insurance,l315189,https://www.reddit.com/r/ukpolitics/comments/1cmces1/reeves_says_lawson_was_right_on_national_insurance/l315189/,2024-05-07 21:21:49,4,"I love it when a labour shadow chancellor is going around praising thatcherites and endorsing their arguments. Absolutely wild how far labour will go to avoid a totally hypothetical risk of losing votes to the right, while entirely ignoring votes they have actually lost to the left.",False,False,disapprove,"make a sarcastic retort, Labour is trying unconventional ways to win the votes",disagree,approve
142,income tax,1eehdtq,https://www.reddit.com/r/ukpolitics/comments/1eehdtq/treasury_draws_up_plans_to_bring_cgt_into_line/,2024-07-28 21:49:30,Treasury draws up plans to bring CGT into line with income tax to fix ‘broken’ Britain,lfef2lg,https://www.reddit.com/r/ukpolitics/comments/1eehdtq/treasury_draws_up_plans_to_bring_cgt_into_line/lfef2lg/,2024-07-28 23:01:15,-4,Its about fairness just like vat on private schools,False,False,approve,it's about fairness,agree,approve
143,minimum wage,1gfssec,https://www.reddit.com/r/ukpolitics/comments/1gfssec/xiaowei_xu_the_rise_in_employer_costs_for_low/,2024-10-30 17:55:31,"Xiaowei Xu: The rise in employer costs for low earners (10th percentile) is more than double the rise for average earners. Together with the rise in the minimum wage, this means a big increase in costs for businesses hiring low-paid workers (hospitality, retail etc).",lukevnt,https://www.reddit.com/r/ukpolitics/comments/1gfssec/xiaowei_xu_the_rise_in_employer_costs_for_low/lukevnt/,2024-10-30 18:44:55,29,"I dont know how widespread this is, but this year my employer started offering salary sacrifice AKA salary exchange so my taxable income is less. I wonder if all these calculations have factored this in, it may encourage more employers and employees to make similar changes.",False,False,neutral,business are using other ways to walk around the increased cost,neutral,approve
144,income tax,1g2wawh,https://www.reddit.com/r/ukpolitics/comments/1g2wawh/one_million_top_taxpayers_pay_more_than_two/,2024-10-13 19:29:37,One million top taxpayers pay more than two fifths of all income tax,lrrecwl,https://www.reddit.com/r/ukpolitics/comments/1g2wawh/one_million_top_taxpayers_pay_more_than_two/lrrecwl/,2024-10-13 19:51:48,1,"Ah yes, the old poor rich people argument. Next theyll try the trickledown story.",False,False,disapprove,it's just the old ‘poor rich people’ argument,disagree,disapprove
145,minimum wage,1jplpoi,https://www.reddit.com/r/ukpolitics/comments/1jplpoi/minimum_wage_rises_do_not_seem_to_boost_uk/,2025-04-02 11:55:32,Minimum wage rises do not seem to boost UK productivity,ml14s55,https://www.reddit.com/r/ukpolitics/comments/1jplpoi/minimum_wage_rises_do_not_seem_to_boost_uk/ml14s55/,2025-04-02 15:46:54,1,"I think a lot of people dont understand the points made in the article, and are reacting only the headline of the thread. There are a lot of comments being made along the lines of the minimum wage isnt supposed to boost productivity. That isnt the point the article is making. The point in the article is that if you raise wages, and do not raise productivity through whatever means, then there is less business case to hire the marginal worker as you have to pay them more to provide the same output. Consequently you have a degradation of employment of those marginal workers what the article calls the mezzanine economy. And that is linked to the phenomenon we undoubtedly do see where labour force participation is eroding as more people go on the sick rather than working in lowerend jobs. Behind this is the fundamental point that productivity ultimately drives wages. You cant just magic up wages and living standards out of legislation and nothing else. It has to come from the output of goods and services we all or some of us! contribute to the economy. Over time, we can only consume what we produce. So if you want to raise wages for everyone, and not just compress living standards between the bottom and the middle, then you need to focus on boosting productivity and not policies like the minimum wage.",False,False,approve,"if you want to raise wages for everyone, and not just compress living standards between the bottom and the middle, then you need to focus on boosting productivity and not policies like the minimum wage",agree,approve
146,minimum wage,1htlc72,https://www.reddit.com/r/ukpolitics/comments/1htlc72/lowest_graduate_salaries_on_a_par_with_minimum/,2025-01-04 18:52:02,Lowest graduate salaries ‘on a par with minimum wage’ - The shrinking pay gap raises fears that university may be a waste of money for many students and could turn disaffected young people towards political extremes,m5i54e4,https://www.reddit.com/r/ukpolitics/comments/1htlc72/lowest_graduate_salaries_on_a_par_with_minimum/m5i54e4/,2025-01-05 10:40:30,1,To be fair the starting salary for jobs in the field I did my degree on back in 2015 was like 17.5k or something to be also fair that was in Photography but still.,False,False,neutral,personal experience,neutral,approve
147,minimum wage,1ddop1q,https://www.reddit.com/r/ukpolitics/comments/1ddop1q/labour_to_promise_new_12perhour_minimum_wage_for/,2024-06-11 21:46:55,Labour to promise new £12-per-hour minimum wage for carers,l8764od,https://www.reddit.com/r/ukpolitics/comments/1ddop1q/labour_to_promise_new_12perhour_minimum_wage_for/l8764od/,2024-06-12 01:19:41,-1,Very stingy. Maybe the state should just stop trying to suppress wages and let the market decide how much carers should be paid. Wages are being suppressed by virtue of the fact the state is the only choice of employer in the care sector. Order people can easily afford to pay for quality care privately.,False,False,disapprove,should let the market decide the salary,disagree,approve
149,council tax,1gqim8b,https://www.reddit.com/r/ukpolitics/comments/1gqim8b/council_tax_in_bristol_could_rise_by_an/,2024-11-13 17:40:25,Council tax in Bristol could rise by an unprecedented 15%,lwyfdfn,https://www.reddit.com/r/ukpolitics/comments/1gqim8b/council_tax_in_bristol_could_rise_by_an/lwyfdfn/,2024-11-13 18:26:58,-18,Imagine if labour spent as much political capital on recording council tax as they did on the winter fuel allowance and Budget,False,False,disapprove,the Labour party is not devoting resources on managing council tax increase,disagree,neutral
150,national insurance,1cmces1,https://www.reddit.com/r/ukpolitics/comments/1cmces1/reeves_says_lawson_was_right_on_national_insurance/,2024-05-07 14:51:39,Reeves says Lawson was right on National Insurance,l33lplj,https://www.reddit.com/r/ukpolitics/comments/1cmces1/reeves_says_lawson_was_right_on_national_insurance/l33lplj/,2024-05-08 08:25:09,2,Increasing income tax would of course need to happen if NI is abolished. However it is a much fairer system to not have NI so I think thats a price worth paying,False,False,neutral,,neutral,neutral
151,council tax,1hmu95y,https://www.reddit.com/r/ukpolitics/comments/1hmu95y/quarter_of_council_tax_revenue_spent_on/,2024-12-26 18:15:28,Quarter of council tax revenue spent on ‘unjustifiably generous’ staff pensions,m3wq7v7,https://www.reddit.com/r/ukpolitics/comments/1hmu95y/quarter_of_council_tax_revenue_spent_on/m3wq7v7/,2024-12-26 18:23:35,7,Whats the preferred solution here? Decreased pensions to make the jobs less appealing or an increase in council tax so it can be spent on more things?,False,False,neutral,,neutral,approve
152,council tax,1jttscm,https://www.reddit.com/r/ukpolitics/comments/1jttscm/vikki_slade_mp_our_council_tax_system_is_broken/,2025-04-07 20:22:18,"Vikki Slade MP: ""Our Council Tax system is broken! Services are inadequately funded by central government leaving councils teetering on the edge. There needs to be a radical overhaul to fix the years of cuts where councils were forced to do more with less funding.""",mlx1zru,https://www.reddit.com/r/ukpolitics/comments/1jttscm/vikki_slade_mp_our_council_tax_system_is_broken/mlx1zru/,2025-04-07 20:57:12,32,"Part of the problems with council tax and funding is we keep shying away from the fact that its a service tax and it should be by design related to the population in the given local authority area. The fudge we have, to base it on houses, does not reflect the accurate density of the population in any given local area it needs to service. We also need to look at the number of statutory services we are expecting from councils, at last count its over 1300, frankly thats more than likely too great a number We also need to be honest about the natural advantages highly urban council have vs large rural authorities.",False,False,disapprove,the rule of council tax based on houses is wrong from the very beginning ,disagree,disapprove
153,income tax,1eehdtq,https://www.reddit.com/r/ukpolitics/comments/1eehdtq/treasury_draws_up_plans_to_bring_cgt_into_line/,2024-07-28 21:49:30,Treasury draws up plans to bring CGT into line with income tax to fix ‘broken’ Britain,lfekwnu,https://www.reddit.com/r/ukpolitics/comments/1eehdtq/treasury_draws_up_plans_to_bring_cgt_into_line/lfekwnu/,2024-07-28 23:39:39,18,"Do this and then allow you to offset inflation so you are actually taxing the real gain. If I bought shares in the 70s and 10x my money, I would have to pay a large capital gains tax bill even though in purchasing power I would have made nothing.",False,False,disapprove,the government is exploiting individuals ,disagree,neutral
154,council tax,1hmu95y,https://www.reddit.com/r/ukpolitics/comments/1hmu95y/quarter_of_council_tax_revenue_spent_on/,2024-12-26 18:15:28,Quarter of council tax revenue spent on ‘unjustifiably generous’ staff pensions,m3xjutq,https://www.reddit.com/r/ukpolitics/comments/1hmu95y/quarter_of_council_tax_revenue_spent_on/m3xjutq/,2024-12-26 21:07:50,12,The times busy finding the next target to blame I see.,False,False,disapprove,the media is finding staff pension the scapegoat for the council tax,disagree,neutral
156,income tax,17yweex,https://www.reddit.com/r/ukpolitics/comments/17yweex/hunt_does_not_rule_out_income_tax_cuts/,2023-11-19 12:42:43,Hunt does not rule out income tax cuts,k9x8kxx,https://www.reddit.com/r/ukpolitics/comments/17yweex/hunt_does_not_rule_out_income_tax_cuts/k9x8kxx/,2023-11-19 19:18:37,15,"Our HH income is a bit above the median average for the UK. I might be alone in this, but I dont necessarily want an income tax cut, but I do want the taxes I pay to actually be invested into public services, as opposed to the chronic underinvestment weve had for the better part of 15 years now.",False,False,neutral,would prefer the tax is invested into public services properly,neutral,neutral
157,minimum wage,1gfvrdg,https://www.reddit.com/r/ukpolitics/comments/1gfvrdg/snap_budget_poll_increased_nhs_funding_support_71/,2024-10-30 20:00:20,"Snap budget poll: 🏥 Increased NHS Funding: Support: 71% Oppose: 15% 💰 Raising Minimum Wage: Support: 69% Oppose: 14% ⛽ Fuel Duty Freeze: Support: 63% Oppose: 14% 🏢 Rise in Employer NICs: Support: 37% Oppose: 33% 🚌 Increasing Bus Fare Cap: Support: 23% Oppose: 52% Via @Savanta_UK, 30 Oct.",lul29eh,https://www.reddit.com/r/ukpolitics/comments/1gfvrdg/snap_budget_poll_increased_nhs_funding_support_71/lul29eh/,2024-10-30 20:38:43,52,Increasing bus fare cap thats not what actually happened though is it? The bus fare cap is ending and theyve introduced a new one.,False,False,neutral,,neutral,approve
158,income tax,1ars6sw,https://www.reddit.com/r/ukpolitics/comments/1ars6sw/jeremy_hunt_drops_plans_for_2p_income_tax_cut/,2024-02-15 22:26:20,Jeremy Hunt drops plans for 2p income tax cut,kqlus7f,https://www.reddit.com/r/ukpolitics/comments/1ars6sw/jeremy_hunt_drops_plans_for_2p_income_tax_cut/kqlus7f/,2024-02-15 23:11:24,42,These clueless clowns need to go ASAP. This shit show cannot carry on.,False,False,disapprove,these politicians need to go,disagree,neutral
159,national insurance,1gc5kuv,https://www.reddit.com/r/ukpolitics/comments/1gc5kuv/chancellor_expected_to_hike_employers_national/,2024-10-25 22:43:37,Chancellor expected to hike employers National Insurance,ltrakp2,https://www.reddit.com/r/ukpolitics/comments/1gc5kuv/chancellor_expected_to_hike_employers_national/ltrakp2/,2024-10-25 23:18:23,1,"Depressing thing about the constant hikes is I dont feel like I am getting anything for it or at least not getting value for money. Paying thousands and thousands in taxes a year for benefits Ive never received, a constantly shrinking health service, a state pension that might not existmight become means tested, generally crumbling infrastructure, a nonexistent police presence. Not really sure what the record amounts being taken are used for.",False,False,disapprove,"out of self interest, not getting anything from the policy",disagree,neutral
160,council tax,1gr16gb,https://www.reddit.com/r/ukpolitics/comments/1gr16gb/keir_starmer_dodges_question_during_pmqs_about/,2024-11-14 09:35:37,Keir Starmer dodges question during PMQs about whether he is keeping cap on council tax,lx2awa8,https://www.reddit.com/r/ukpolitics/comments/1gr16gb/keir_starmer_dodges_question_during_pmqs_about/lx2awa8/,2024-11-14 09:43:56,20,Why would he limit his options in this regard when many councils in the country have such dismal finances?,False,False,approve,Starmer need to keep options open,agree,neutral
161,income tax,1g2wawh,https://www.reddit.com/r/ukpolitics/comments/1g2wawh/one_million_top_taxpayers_pay_more_than_two/,2024-10-13 19:29:37,One million top taxpayers pay more than two fifths of all income tax,lrtofau,https://www.reddit.com/r/ukpolitics/comments/1g2wawh/one_million_top_taxpayers_pay_more_than_two/lrtofau/,2024-10-14 04:08:28,-2,"This country will not be considered a developed country by the time I die and all because it wishes to punish those who actually pull their own weight. Pathetic, angry little island of no hopers wanting others to pay for them to get by.",False,False,disapprove,some people are taking advantage of others and hope others to pay for them,disagree,neutral
162,national insurance,1b72d1t,https://www.reddit.com/r/ukpolitics/comments/1b72d1t/jeremy_hunt_will_cut_national_insurance_by_2p_in/,2024-03-05 10:45:49,Jeremy Hunt will cut national insurance by 2p in the budget || Chancellor decides against tax cuts after OBR forecast,ktfqaf8,https://www.reddit.com/r/ukpolitics/comments/1b72d1t/jeremy_hunt_will_cut_national_insurance_by_2p_in/ktfqaf8/,2024-03-05 11:24:30,36,Do they think this will win them votes? People want a functioning NHS. They want dentist appointments. They want affordable housing. Cutting tax does nothing to fix these fundamental issues. In a few months council tax rises and rent increases are going to wipe this out for many.,False,False,disapprove,cutting tax is not going to fix the public service problems,disagree,neutral
163,national insurance,180q2u4,https://www.reddit.com/r/ukpolitics/comments/180q2u4/jeremy_hunt_tax_cuts_include_national_insurance/,2023-11-21 20:07:15,Jeremy Hunt tax cuts include national insurance reduction for 28m,ka8dw2v,https://www.reddit.com/r/ukpolitics/comments/180q2u4/jeremy_hunt_tax_cuts_include_national_insurance/ka8dw2v/,2023-11-22 00:03:19,2,"thank god the state pension is raising by 8 , thats really the best investment of the countrys money. Zimmer frame industry will boom on the back of this great news.",False,False,approve,pension investment will boom ,agree,approve
164,council tax,1idw3w0,https://www.reddit.com/r/ukpolitics/comments/1idw3w0/almost_all_county_councils_in_england_to_raise/,2025-01-30 20:06:00,Almost all county councils in England to raise council tax by maximum amount,ma2idy6,https://www.reddit.com/r/ukpolitics/comments/1idw3w0/almost_all_county_councils_in_england_to_raise/ma2idy6/,2025-01-30 20:07:08,24,I remember the old days when we were promised that there would be no tax rises on working people,False,False,disapprove,"working people are burdened, and it’s not like this in the old days",disagree,neutral
165,minimum wage,1edqtjz,https://www.reddit.com/r/ukpolitics/comments/1edqtjz/major_change_to_uk_minimum_wage_in_labour_cost_of/,2024-07-27 22:14:05,Major change to UK minimum wage in Labour cost of living shake-up - For the first time the Low Pay Commision will have to factor in the cost of living when calculating the suggested level of the minimum wage under a new remit to be announced by Labour's Jonathan Reynolds,lfbpxvo,https://www.reddit.com/r/ukpolitics/comments/1edqtjz/major_change_to_uk_minimum_wage_in_labour_cost_of/lfbpxvo/,2024-07-28 13:01:20,5,"Good to see Labour making a fair and considered decision about those who are on the lowest wages. They definitely need help or theyd just stop working. Its a shame so many here then blame the government for the poor for their own low wages. Maybe better to blame capitalism? Unionised, strike, boycott bad employers. Your employers can cope with fewer record profits and you can enjoy some of the fruits of your efforts.",False,False,approve,"a fair and considered decision from the government, it’s the capitalism to blame rather than the government",agree,approve
166,national insurance,1adc2uj,https://www.reddit.com/r/ukpolitics/comments/1adc2uj/chancellor_considers_further_national_insurance/,2024-01-28 20:23:24,Chancellor considers further national insurance cut to take heat off Rishi Sunak,kk36316,https://www.reddit.com/r/ukpolitics/comments/1adc2uj/chancellor_considers_further_national_insurance/kk36316/,2024-01-29 10:33:09,1,Another 50 a month will really make me vote Tory! s,False,False,approve,if more personal benefit will change the voting preference,agree,neutral
169,poverty,1fzpra8,https://www.reddit.com/r/ukpolitics/comments/1fzpra8/record_93m_face_hunger_and_hardship_in_uk/,2024-10-09 13:03:21,Record 9.3m face hunger and hardship in UK - anti-poverty charity,lr570th,https://www.reddit.com/r/ukpolitics/comments/1fzpra8/record_93m_face_hunger_and_hardship_in_uk/lr570th/,2024-10-09 21:03:01,0,"The problem in any society is a lot of poor people have some form of learningdevelopmental disability, many are incapable of long term planningbudgeting etc, also prone to spontaneous things like ordering takeaways, which are absurdly expensive compared to home prepared food. grew up quite poor myself btw.",False,False,neutral,personal experience ,neutral,approve
170,council tax,1dhbyss,https://www.reddit.com/r/ukpolitics/comments/1dhbyss/wes_streeting_fails_to_rule_out_council_tax_rise/,2024-06-16 17:59:11,Wes Streeting fails to rule out council tax rise if Labour wins election,l8w8zfx,https://www.reddit.com/r/ukpolitics/comments/1dhbyss/wes_streeting_fails_to_rule_out_council_tax_rise/l8w8zfx/,2024-06-16 19:49:00,4,1 in 4 councils are in danger of bankruptcy. The councils that are staying afloat are only doing so by cutting services dramatically. Social care is recognised as one of the major challenges that is dragging down the NHS. Something has to happen to council tax.,False,False,disapprove,need some fundamental changes to the council tax which is not providing real social service,disagree,neutral
171,council tax,1hgbq1t,https://www.reddit.com/r/ukpolitics/comments/1hgbq1t/council_tax_increase_to_raise_up_to_330m_for/,2024-12-17 14:24:51,Council tax increase to raise up to £330m for police forces,m2j24au,https://www.reddit.com/r/ukpolitics/comments/1hgbq1t/council_tax_increase_to_raise_up_to_330m_for/m2j24au/,2024-12-17 18:10:17,1,Blimey! From 2k to 330m!? Im not sure I can afford that.,False,False,disapprove,can’t afford the increase,disagree,approve
172,income tax,18zwf08,https://www.reddit.com/r/ukpolitics/comments/18zwf08/cutting_inheritance_tax_over_income_tax_would_be/,2024-01-06 09:35:41,Cutting inheritance tax over income tax would be an own goal for Sunak and Hunt,kgkfl2k,https://www.reddit.com/r/ukpolitics/comments/18zwf08/cutting_inheritance_tax_over_income_tax_would_be/kgkfl2k/,2024-01-06 10:19:13,26,I think at this point theyre past caring and just going all out to make their mates and wealthy tory voters richer at everyone elses expense.,False,False,disapprove,the Tory politicians are making benefits for themselves and the wealthy,disagree,approve
173,poverty,1gqh9vn,https://www.reddit.com/r/ukpolitics/comments/1gqh9vn/gordon_brown_were_seeing_poverty_i_never_thought/,2024-11-13 16:45:35,Gordon Brown: ‘We’re seeing poverty I never thought I’d see again’,lx1wos8,https://www.reddit.com/r/ukpolitics/comments/1gqh9vn/gordon_brown_were_seeing_poverty_i_never_thought/lx1wos8/,2024-11-14 07:06:38,6,"The UK has been in slow decline since 1914. WW1 injured us financially and WW2 crippled us. After WW2 America attained currency domination through Bretton Woods and weve faltered ever since. Losing our manufacturing sector to the cheaper and higher quality manufacturing of Japan and Germany. We started the Industrial Revolution but wheres our entrepreneurship and innovation now? We cant create long term economic growth through higher taxes and high government spending to GDP. Growth has to come from the private sector. We need to take all the barriers away from technology and biotech companies and start ups. Thats where the growth of this century is going to come from, not from our current FTSE 100 companies. Only then will we truly have the strength and continuity to fund a decent welfare state for children, people with disabilities and the elderly. Without it, were truly going to become a basket case. Long slow grinding deflation like Japan, or more likely perpetually higher inflation like Argentina.",False,False,neutral,need to support tech and business to help the growth ,neutral,approve
174,national insurance,x5ijfr,https://www.reddit.com/r/ukpolitics/comments/x5ijfr/paul_brand_on_twitter_liz_truss_says_it_is_fair/,2022-09-04 10:13:44,Paul Brand on Twitter: Liz Truss says “it is fair” that her national insurance cut will benefit the richest to the tune of about £2k and do relatively little for the lowest paid. She argues there has been too much focus on the distribution of income in the past twenty years.,in1s85x,https://www.reddit.com/r/ukpolitics/comments/x5ijfr/paul_brand_on_twitter_liz_truss_says_it_is_fair/in1s85x/,2022-09-04 14:01:47,3,"Im conflicted by stuff like this. Im from a working class background but my household would now be considered to be one of the beneficiaries of this. BUT I cant justify me having more help than my friends I grew up with, who arent as lucky as me. I think I would feel way too guilty about this.",False,False,disapprove,personal experience of getting help from the redistribution policies,disagree,neutral
176,income tax,109xakq,https://www.reddit.com/r/ukpolitics/comments/109xakq/the_times_has_also_been_told_that_the_treasury_is/,2023-01-12 11:19:33,"The Times has also been told that the Treasury is discussing giving people tax breaks to go back to work Discussion is at an early stage, but there's talk around allowances and even exempting over 50s from income tax",j40v05y,https://www.reddit.com/r/ukpolitics/comments/109xakq/the_times_has_also_been_told_that_the_treasury_is/j40v05y/,2023-01-12 11:59:34,15,Exempting over50s from income tax has to be a policy to poison the well for Labour it makes no sense otherwise.,False,False,disapprove,the policy only make sense for political considerations,disagree,approve
177,council tax,1fmy24v,https://www.reddit.com/r/ukpolitics/comments/1fmy24v/rachel_reeves_wont_scrap_single_person_council/,2024-09-22 18:02:51,Rachel Reeves won’t scrap single person council tax discount,loe6wz1,https://www.reddit.com/r/ukpolitics/comments/1fmy24v/rachel_reeves_wont_scrap_single_person_council/loe6wz1/,2024-09-22 18:37:15,293,"I want to commend the Telegraph on their efficiency here. Falling productivity is one of the UKs biggest problems, and here the Telegraph is with the most efficient journalism Ive ever seen. 1. Make a random guess about what might happen in the budget 2. Ask some random minister if your guess is right. When they inevitably say that they dont know, youve got a failed to deny story you can run for days. 3. When the treasury finally denies it, youve got a uturn story. Amazing.",False,False,neutral,the media is making random guess,neutral,neutral
178,income tax,1ji2gdy,https://www.reddit.com/r/ukpolitics/comments/1ji2gdy/how_much_do_people_actually_know_about_the_10_of/,2025-03-23 15:57:00,"How much do people actually know about ""The 10% of income taxpayers with the largest incomes contribute over 60% of income tax receipts."" and majority of population in the UK being net recipient ""53.8% of all UK individuals were net recipients""?",mjfxkrr,https://www.reddit.com/r/ukpolitics/comments/1ji2gdy/how_much_do_people_actually_know_about_the_10_of/mjfxkrr/,2025-03-24 07:10:45,1,"All I know is, as someone who earns 6 figures. It dosnt feel like a lavish life style for us my wife, daughter and I. We live in a modest detached house in the NE of England, have 1x holiday abroad a year and put away a some money into ISA each month. My farther who was a miner was able to do the same whilst supporting a wife and four children.",False,False,disapprove,high earners are not benefiting too much from the current tax system,disagree,approve
179,council tax,1ampkr2,https://www.reddit.com/r/ukpolitics/comments/1ampkr2/rishi_sunak_criticises_local_authorities_for/,2024-02-09 14:38:23,Rishi Sunak criticises local authorities for requesting steep council tax rises,kpp4ykf,https://www.reddit.com/r/ukpolitics/comments/1ampkr2/rishi_sunak_criticises_local_authorities_for/kpp4ykf/,2024-02-09 21:59:51,3,We are now in the stop hitting yourself era of discourse.,False,False,neutral,,neutral,neutral
180,national insurance,1gcipif,https://www.reddit.com/r/ukpolitics/comments/1gcipif/umbrella_contractors_set_to_be_stung_at_autumn/,2024-10-26 12:11:45,Umbrella contractors set to be stung at Autumn Budget by Employer National Insurance hike - IT Contracting,ltu6nyo,https://www.reddit.com/r/ukpolitics/comments/1gcipif/umbrella_contractors_set_to_be_stung_at_autumn/ltu6nyo/,2024-10-26 13:03:49,4,Youre still going to end up paying for this even if youre on PAYE.,False,False,neutral,no one can escape,neutral,approve
183,income tax,1ji2gdy,https://www.reddit.com/r/ukpolitics/comments/1ji2gdy/how_much_do_people_actually_know_about_the_10_of/,2025-03-23 15:57:00,"How much do people actually know about ""The 10% of income taxpayers with the largest incomes contribute over 60% of income tax receipts."" and majority of population in the UK being net recipient ""53.8% of all UK individuals were net recipients""?",mjdbk0x,https://www.reddit.com/r/ukpolitics/comments/1ji2gdy/how_much_do_people_actually_know_about_the_10_of/mjdbk0x/,2025-03-23 20:40:55,1,Im not a great one for the idea that only people who earn more than me should pay tax or more tax but the idea that the top 10 are simply paying for the life of the majority pretends that those 10 arent dependent on the work and spending of the rest nor being in a country that isnt as insecure in various ways as some to make that money. Nor how much their wealth has grown while others fell in various crises.,False,False,disapprove,high earners are already in good positions,disagree,neutral
184,poverty,1jkipy9,https://www.reddit.com/r/ukpolitics/comments/1jkipy9/labour_benefits_cuts_to_push_250000_people_into/,2025-03-26 18:22:07,"Labour benefits cuts to push 250,000 people into poverty",mjyphxa,https://www.reddit.com/r/ukpolitics/comments/1jkipy9/labour_benefits_cuts_to_push_250000_people_into/mjyphxa/,2025-03-27 04:58:13,0,"We need these benefit cuts, but acting like its the solution is a joke, its a drop in the bucket compared to pensions, it doesnt address the housing issue, it wont fund the NHS to address issues of our aging population, it wont sort out local councils or help with education and teachers. Need full scale reform of welfare starting with pensions, not just trimming the hedges of benefits. abut even this causes uproar, we all agree we need a big change, but nobody will accept any repercussions or responsibility for that. Go all in, mad wealth tax, address inequality, tax assets, close all loopholes, surprise em. Or go full Millei, massively change the welfare state NHS and fund businesses over corporations. Or some combination of the above. Please. Just no more neoliberal red and blue",False,False,disapprove,these cuts are not fundamental solutions to the public service crisis and welfare system crisis,disagree,approve
185,council tax,1jttscm,https://www.reddit.com/r/ukpolitics/comments/1jttscm/vikki_slade_mp_our_council_tax_system_is_broken/,2025-04-07 20:22:18,"Vikki Slade MP: ""Our Council Tax system is broken! Services are inadequately funded by central government leaving councils teetering on the edge. There needs to be a radical overhaul to fix the years of cuts where councils were forced to do more with less funding.""",mm0e811,https://www.reddit.com/r/ukpolitics/comments/1jttscm/vikki_slade_mp_our_council_tax_system_is_broken/mm0e811/,2025-04-08 11:17:20,3,"Vikki used to be the leader of our council for a couple of short lived years in BCP. We saw firsthand blatant corruption in our council go unchallenged unpunished. Id love to allocate more funding to councils if there are actual consequences for this ie prison, not losing an election Ive moved from Bournemouth but compared to our previous council leaders she was really good at her job.",False,False,disapprove,disapprove the MP,disagree,approve
186,minimum wage,1geet2p,https://www.reddit.com/r/ukpolitics/comments/1geet2p/minimum_wage_to_rise_by_more_than_6_in_budget/,2024-10-28 22:13:55,Minimum wage to rise by more than 6% in budget,lubpe6f,https://www.reddit.com/r/ukpolitics/comments/1geet2p/minimum_wage_to_rise_by_more_than_6_in_budget/lubpe6f/,2024-10-29 10:03:17,20,"Id honestly be linking minimum wage, pensions, public sector pay and benefits to all receive the same pay rise each year. An added benefit of this is that hopefully private sector roles also increase a similar amount each year to stay competitive for the best people over public sector. I can only look at it from a civil service point of view but more and more grades are being swallowed up by minimum wage. AA has disappeared, AO is likely to be minimum wage now across the civil service and its not that fare off EOs being minimum wage. EOs are work coaches in a job centre. Massive caseloads, difficult claimants and new targets every month from the DWP I dont work in the DWP but have a couple of friends who do. Something needs to change as this is just going to turn everyone into retail workers, restaurant staff and cleaners, why should anyone do difficult jobs that require years of training and knowledge gathering if they can just get paid the same elsewhere, with a job they can learn in a couple of days. Its the same in the NHS.",False,False,disapprove,simply rising minimum wage without reform the other sector’s pay is not good solution,disagree,approve
187,council tax,1fxzghh,https://www.reddit.com/r/ukpolitics/comments/1fxzghh/second_homes_hut_with_no_toilet_gets_300_council/,2024-10-07 05:26:22,Second homes: Hut with no toilet gets 300% council tax bill,lqs2nqe,https://www.reddit.com/r/ukpolitics/comments/1fxzghh/second_homes_hut_with_no_toilet_gets_300_council/lqs2nqe/,2024-10-07 15:13:26,3,"If you dont want to pay the tax, sell the asset. Its a holiday home ffs, were hardly talking about someones home",False,False,approve,,agree,neutral
188,council tax,1bsvquw,https://www.reddit.com/r/ukpolitics/comments/1bsvquw/council_tax_to_double_for_80_per_cent_of_second/,2024-04-01 06:39:07,Council tax to double for 80 per cent of second homes,kxiwg42,https://www.reddit.com/r/ukpolitics/comments/1bsvquw/council_tax_to_double_for_80_per_cent_of_second/kxiwg42/,2024-04-01 11:31:05,19,"but there is a stark reality here that most second home owners are people stretching themselves to have a modest investment, saving for their retirement or securing their future Citation needed. Id like some proof of this stark reality. Whenever the rich are going to make less money not even lose it, just make less were told how the threat to them is really a threat against poor people.",False,False,approve,,agree,neutral
189,minimum wage,1htlc72,https://www.reddit.com/r/ukpolitics/comments/1htlc72/lowest_graduate_salaries_on_a_par_with_minimum/,2025-01-04 18:52:02,Lowest graduate salaries ‘on a par with minimum wage’ - The shrinking pay gap raises fears that university may be a waste of money for many students and could turn disaffected young people towards political extremes,m5f721b,https://www.reddit.com/r/ukpolitics/comments/1htlc72/lowest_graduate_salaries_on_a_par_with_minimum/m5f721b/,2025-01-04 22:04:48,55,"The shrinking gap between graduate pay and the minimum wage has raised concerns that university may be a waste of money for many students. Tuition fees for a typical threeyear course are 27,750 and will rise to 28,605 in the autumn. The Resolution Foundations Labour Market Outlook report notes that there is now barely any difference between the lowest earning graduates and those on the minimum wage. It says that graduates in the lowest 10th percentile of earnings now have salaries just 11 per cent higher than someone on the minimum wage. Graduate salaries were 82 per cent higher in 2001. University might be a waste of money because the lowest 10th percentile of earnings for graduate is only 11 higher than minimum wage. Thats an incredibly stupid argument, not only because youre only considering the bottom 10 of graduates but also because youre ignoring the opportunities and career trajectory for graduate roles which are almost always better than nongraduate roles. This article should really be titled the worst graduates dont do much better than people on minimum wage, which shouldnt be surprising for anyone",False,False,disapprove,"This article should really be titled ""the worst graduates don't do much better than people on minimum wage"", which shouldn't be surprising for anyone",disagree,disapprove
190,minimum wage,1gf15o1,https://www.reddit.com/r/ukpolitics/comments/1gf15o1/budget_2024_minimum_wage_workers_to_get_huge_pay/,2024-10-29 18:05:42,Budget 2024: Minimum wage workers to get huge pay boost - what it means for you,luhisg5,https://www.reddit.com/r/ukpolitics/comments/1gf15o1/budget_2024_minimum_wage_workers_to_get_huge_pay/luhisg5/,2024-10-30 07:24:49,3,"Really good for the minimum wage earners. Sadly I know nurses will not get a pay rise to match this. One day you might see nurses earning the minimum wage, and then people are surprised why no one wants to qualify as a nurse.",False,False,approve,"good for the minimum wage earners, but not good for other low pay sectors",agree,neutral
191,council tax,1ihdyj4,https://www.reddit.com/r/ukpolitics/comments/1ihdyj4/millions_face_council_tax_rise_of_more_than_5/,2025-02-04 09:30:53,Millions face council tax rise of more than 5%,mawh4wg,https://www.reddit.com/r/ukpolitics/comments/1ihdyj4/millions_face_council_tax_rise_of_more_than_5/mawh4wg/,2025-02-04 10:41:49,0,"Not a penny more on your council tax, No tax on working people Why make such claims when not in power if you dont know the numbers ? Also, fun fact labours Afghanistan and Iraq war cost us around 22 billion Magical black hole 22 billion Magic",False,False,disapprove,the gov is investing more in the foreign war than the domestic public service,disagree,neutral
192,income tax,1j6ehrl,https://www.reddit.com/r/ukpolitics/comments/1j6ehrl/handouts_offered_through_sickness_and_disability/,2025-03-08 10:35:03,"Handouts offered through sickness and disability benefits bill will swallow up a quarter of income tax intake by 2030, report warns",mgo2cjj,https://www.reddit.com/r/ukpolitics/comments/1j6ehrl/handouts_offered_through_sickness_and_disability/mgo2cjj/,2025-03-08 11:24:42,5,"The DWP budget is over 300 billion annually, funding triplelocked pensions and a whole array of welfare benefits including over 30 billion on housing benefit and 90 billion on disability benefits. Our welfare spending is around 10 of GDP, and the trajectory is that it will just indefinitely increase. In other words it is completely unsustainable, and it dwarfs what the government spends on productive investment, e.g. gov spends around 15 billion on research and development just imagine if you flip it around, 90 billion on RD every year and 15 billion on disabilities, 90 billion on basic science research would genuinely make us a science superpower But its not just RD. The opportunity cost of all this welfare spending is paying people to do actual jobs which improves society. For example 2 billion a year could get us over 70,000 fulltime litter pickers at 28k a year, 1.5 billion could pay for 43 fulltime orchestras with generous 35 million annual budget or you could fund theatre companiesart galleries, film studios whatever!, 15 billion could make off peak rail transport completely free to use and peak trains about 90 cheaper. And then just consider things like museums and public spaces and all the jobs they create in construction but then in cafes and shops etc and all for a fraction of what we spend on welfare Titanic Belfast is a major tourist attraction and a big part of the city, and yet it cost just 140m Deep Blue in Hull, a large and modern aquarium which also does important conservation research, that was around 90m to construct adjusting for inflation.",False,False,disapprove,welfare spending is costing other growth opportunities,disagree,neutral
193,national insurance,1gfzw79,https://www.reddit.com/r/ukpolitics/comments/1gfzw79/why_do_people_think_that_only_uk_companies_will/,2024-10-30 22:58:48,Why do people think that only UK companies will be unable to survive a small rise in Employer’s National Insurance? ,luoiowf,https://www.reddit.com/r/ukpolitics/comments/1gfzw79/why_do_people_think_that_only_uk_companies_will/luoiowf/,2024-10-31 11:46:04,0,"To me its very clear, employers national insurance rate doesnt make much of a difference to salaries or unemployment rates. Now do the poorer european countries. Also, its not about common sense. Its about how much companies will whine and put their prices upfreeze hiring. They already do that, now theyll do it even more.",False,False,disapprove,the cost for the business is actually transferred to employees and customers ,disagree,neutral
194,national insurance,vvbxko,https://www.reddit.com/r/ukpolitics/comments/vvbxko/sajid_javid_and_jeremy_hunt_call_for_massive_tax/,2022-07-09 22:43:44,"Sajid Javid and Jeremy Hunt call for massive tax cuts - Ex-chancellor wants to scrap National Insurance rise, while helping businesses is former foreign secretary's priority",ifj8nrb,https://www.reddit.com/r/ukpolitics/comments/vvbxko/sajid_javid_and_jeremy_hunt_call_for_massive_tax/ifj8nrb/,2022-07-10 00:41:23,8,"The idea behind cutting Corporation Tax isnt bad. In theory businesses will keep more of their profits to reinvest in new products new technology, thereby creating more high value jobs. However in practice, clueless executives use the extra money for share buybacks, which boosts EPS a key metric for boardroom bonuses but does nothing for the wider economy.",False,False,disapprove,in reality the business is not using the benefit to help the wider economy,disagree,approve
195,poverty,1ikxz05,https://www.reddit.com/r/ukpolitics/comments/1ikxz05/labours_clean_energy_plan_will_not_only_cut/,2025-02-08 21:19:28,Labour’s clean energy plan will not only cut emissions but lift hundreds of thousands out of fuel poverty | Ed Miliband,mbqob0r,https://www.reddit.com/r/ukpolitics/comments/1ikxz05/labours_clean_energy_plan_will_not_only_cut/mbqob0r/,2025-02-08 22:52:24,-3,Yeah right. Scrap net zero and get the gas out of the North Sea and get fracking its not rocket science,False,False,disapprove,get ride of the net zero entirely,disagree,neutral
196,minimum wage,1josa3u,https://www.reddit.com/r/ukpolitics/comments/1josa3u/millions_of_people_get_a_pay_rise_as_national/,2025-04-01 11:26:15,Millions of people get a pay rise as National Living Wage and National Minimum Wage increase.,mlk67sx,https://www.reddit.com/r/ukpolitics/comments/1josa3u/millions_of_people_get_a_pay_rise_as_national/mlk67sx/,2025-04-05 17:20:27,1,So when are you going to start working towards CANZUK?,False,False,disapprove,make a sarcastic retort,disagree,approve
197,poverty,1icpabl,https://www.reddit.com/r/ukpolitics/comments/1icpabl/joseph_rowntree_foundation_scotland_will_be_only/,2025-01-29 08:29:14,Joseph Rowntree Foundation: Scotland will be only part of UK where child poverty falls,m9sodkr,https://www.reddit.com/r/ukpolitics/comments/1icpabl/joseph_rowntree_foundation_scotland_will_be_only/m9sodkr/,2025-01-29 09:28:12,41,"The Scottish Government has far less power, especially financial than the UK Government. This shows the extent to which child poverty is a political decision. Extremely embarrassing for a sovereign government that a devolved Government is able to, with a fixed budget, prioritise child poverty and make genuine positive changes. At the same time the UK Government, whether Labour or Conservative whip their MPs to vote for a twochild benefit cap.",False,False,approve,child poverty is a political decision,agree,neutral
198,minimum wage,1ep27vy,https://www.reddit.com/r/ukpolitics/comments/1ep27vy/reeves_set_to_sign_off_above_inflation_rise_in/,2024-08-10 21:12:50,Reeves set to sign off above inflation rise in minimum wage,lhhkv2b,https://www.reddit.com/r/ukpolitics/comments/1ep27vy/reeves_set_to_sign_off_above_inflation_rise_in/lhhkv2b/,2024-08-10 21:22:44,303,"In 2020, the Low Pay Commission was told to bring minimum wage up from 60 of the median UK wage to 67 by 2024. They did exactly that. Then they were told to maintain that 67 figure for 2025. So the increase from 11.44 to approximately 11.89 matches the increase in median UK wage. So basically, everyone gets the same pay rise on average. EDIT I should add that every government signs off on the Low Pay Commissions recommendation. They never argue.",False,False,neutral,"So basically, everyone gets the same pay rise on average.
",neutral,approve
199,poverty,1dl5ayz,https://www.reddit.com/r/ukpolitics/comments/1dl5ayz/do_the_reform_party_care_about_poverty_and_poor/,2024-06-21 15:26:39,Do the Reform party care about poverty and poor people?,l9mi2mv,https://www.reddit.com/r/ukpolitics/comments/1dl5ayz/do_the_reform_party_care_about_poverty_and_poor/l9mi2mv/,2024-06-21 16:04:50,6,As a means to gain political power and influence Yes As people Not on your nelly,False,False,neutral,political decision,neutral,approve
200,minimum wage,1hh2kat,https://www.reddit.com/r/ukpolitics/comments/1hh2kat/rachel_reeves_mp_25_years_ago_the_last_labour/,2024-12-18 14:19:22,"Rachel Reeves MP: 25 years ago the last Labour Government introduced the Minimum Wage. This year we confirmed a £1,400 increase for 3 million workers on the National Living Wage. A fair wage for a day’s work, that's the difference a Labour Government makes.",m2nu994,https://www.reddit.com/r/ukpolitics/comments/1hh2kat/rachel_reeves_mp_25_years_ago_the_last_labour/m2nu994/,2024-12-18 14:28:22,192,This is how we know that comment section is an echo chamber. The minimum wage is a very popular policy if you go out in the real world and speak to people but the comments there attacking Rachel Reeves would make you think that the minimum wage does more harm. Its an echo chamber of Libertarians and right wingers arguing that the free market should determine the wages and not the minimum wage artificially interfering.,False,False,approve,the comments disapproving the minimum wage is an echo chamber of Libertarians and right wingers arguing that the free market should determine the wages,agree,approve
201,minimum wage,1ddop1q,https://www.reddit.com/r/ukpolitics/comments/1ddop1q/labour_to_promise_new_12perhour_minimum_wage_for/,2024-06-11 21:46:55,Labour to promise new £12-per-hour minimum wage for carers,l869723,https://www.reddit.com/r/ukpolitics/comments/1ddop1q/labour_to_promise_new_12perhour_minimum_wage_for/l869723/,2024-06-11 21:51:08,203,"Not really sure thats adequate. Minimum wage is 11.44, so 12 is 22.40 a week higher based on a 40 hour week. For me personally, for the sake of 20, Id sooner be making coffee than wiping bums. Carers deserve more.",False,False,disapprove,the minimum wage increase is not enough,disagree,approve
202,income tax,14id42n,https://www.reddit.com/r/ukpolitics/comments/14id42n/starmer_indicates_he_will_not_raise_income_tax/,2023-06-25 05:48:47,Starmer indicates he will not raise income tax for top earners,jpg34xg,https://www.reddit.com/r/ukpolitics/comments/14id42n/starmer_indicates_he_will_not_raise_income_tax/jpg34xg/,2023-06-25 09:54:26,13,I want to make sure there arent ways of legally avoiding tax usually only accessible to the wealthy individuals or companies before focusing on whether any taxes should be increased. And I think one day people may have to accept that they cant all have what they want based on taxing only people who earn more than I do.,False,False,disapprove,"compare to increasing taxes, make sure no ways of legally avoiding tax is more important",disagree,approve
203,income tax,14id42n,https://www.reddit.com/r/ukpolitics/comments/14id42n/starmer_indicates_he_will_not_raise_income_tax/,2023-06-25 05:48:47,Starmer indicates he will not raise income tax for top earners,jpfym4k,https://www.reddit.com/r/ukpolitics/comments/14id42n/starmer_indicates_he_will_not_raise_income_tax/jpfym4k/,2023-06-25 08:50:53,66,"His actual words was that he didnt want to raise income tax for top earners. When he takes over and theres still every crisis imaginable going on, hell be reluctantly make the right decision and rinse everyone with high taxes anyway. Which wont come down when the crisis abates. What he may do, however, is be creative in how the taxes are applied. It might not be as simple as upping the rates.",False,False,approve,its crisis time and the politician needs to be creative to modify the policies,agree,approve
204,national insurance,1gfmgq3,https://www.reddit.com/r/ukpolitics/comments/1gfmgq3/employers_national_insurance_rise_is_bigger_than/,2024-10-30 13:25:36,Employers' national insurance rise is bigger than predicted as chancellor seeks to raise £40bn in taxes | Politics News,luir75y,https://www.reddit.com/r/ukpolitics/comments/1gfmgq3/employers_national_insurance_rise_is_bigger_than/luir75y/,2024-10-30 13:46:10,6,Public sector wage growth should match private sector in the next few years if this ends up severely stunting private sector wage growth. Otherwise its literally a tax on private sector workers,False,False,disapprove,the private sector workers are paying more simply due to their wages are relatively higher,disagree,approve
206,council tax,1hmu95y,https://www.reddit.com/r/ukpolitics/comments/1hmu95y/quarter_of_council_tax_revenue_spent_on/,2024-12-26 18:15:28,Quarter of council tax revenue spent on ‘unjustifiably generous’ staff pensions,m3ywy7b,https://www.reddit.com/r/ukpolitics/comments/1hmu95y/quarter_of_council_tax_revenue_spent_on/m3ywy7b/,2024-12-27 02:05:10,4,"So we are facing a retirement time bomb, with the unfunded triple lock pension becoming more unaffordable with each passing year and the Times wants to get rid of a properly funded pension scheme. Thus making the problem of paying for future pensions even worse? Not a great plan.",False,False,disapprove,if removing the staff pensions it’s making the scheme worse,disagree,approve
207,council tax,1ei3fdu,https://www.reddit.com/r/ukpolitics/comments/1ei3fdu/new_council_tax_band_system_under_labour_will/,2024-08-02 07:51:17,"New council tax band system under Labour will push bills up by £1,230",lg4r6r5,https://www.reddit.com/r/ukpolitics/comments/1ei3fdu/new_council_tax_band_system_under_labour_will/lg4r6r5/,2024-08-02 13:43:23,1,Is there any official documentationwhite papers on this? What is the source of this rumour?,False,False,neutral,questioning the sources of the statement,neutral,neutral
208,minimum wage,1ep27vy,https://www.reddit.com/r/ukpolitics/comments/1ep27vy/reeves_set_to_sign_off_above_inflation_rise_in/,2024-08-10 21:12:50,Reeves set to sign off above inflation rise in minimum wage,lhi9tys,https://www.reddit.com/r/ukpolitics/comments/1ep27vy/reeves_set_to_sign_off_above_inflation_rise_in/lhi9tys/,2024-08-10 23:54:17,14,"The UK really needs to adopt an award system like in Australia, sets a minimum wage for different job types and industries, basically means there are very few skilled jobs in Australia that are allowed to pay minimum wage, also means you could never have a situation where a manager gets the same as minium wage as their employees.",False,False,disapprove,the minimum wage system needs to be updated and differentiated between different job types and industries,disagree,approve
209,income tax,109xakq,https://www.reddit.com/r/ukpolitics/comments/109xakq/the_times_has_also_been_told_that_the_treasury_is/,2023-01-12 11:19:33,"The Times has also been told that the Treasury is discussing giving people tax breaks to go back to work Discussion is at an early stage, but there's talk around allowances and even exempting over 50s from income tax",j42sjsf,https://www.reddit.com/r/ukpolitics/comments/109xakq/the_times_has_also_been_told_that_the_treasury_is/j42sjsf/,2023-01-12 19:58:00,0,"There is a real issue with the fear of making any attempt to return to work, as it can be used against you, fit for work means lose all support. Perhaps a gradual reduction of support over time might help people take that big step back into part time work, instead of losing it all. Unfortunately both government and DWP have lost so much trust from the people.",False,False,disapprove,the plan is not carefully designed and the government has lost trust from the people,disagree,neutral
210,income tax,1g2wawh,https://www.reddit.com/r/ukpolitics/comments/1g2wawh/one_million_top_taxpayers_pay_more_than_two/,2024-10-13 19:29:37,One million top taxpayers pay more than two fifths of all income tax,lrrhcmx,https://www.reddit.com/r/ukpolitics/comments/1g2wawh/one_million_top_taxpayers_pay_more_than_two/lrrhcmx/,2024-10-13 20:08:07,55,Looks like you could make a huge difference by adding a 1 band where the tax free band is? That would be wildly unpopular as every earner would have to pay it hut to have 50 pay what looks like 10 of tax is mad,False,False,disapprove,,disagree,neutral
211,minimum wage,1jplpoi,https://www.reddit.com/r/ukpolitics/comments/1jplpoi/minimum_wage_rises_do_not_seem_to_boost_uk/,2025-04-02 11:55:32,Minimum wage rises do not seem to boost UK productivity,ml0ayhv,https://www.reddit.com/r/ukpolitics/comments/1jplpoi/minimum_wage_rises_do_not_seem_to_boost_uk/ml0ayhv/,2025-04-02 12:43:19,3,"Thats as maybe, but the recipients are less food stressed and may be able to pay more bills.",False,False,disapprove,the minimum wage increases food safety and may encourage more economic contribution,disagree,approve
212,council tax,1gqim8b,https://www.reddit.com/r/ukpolitics/comments/1gqim8b/council_tax_in_bristol_could_rise_by_an/,2024-11-13 17:40:25,Council tax in Bristol could rise by an unprecedented 15%,lx1wlde,https://www.reddit.com/r/ukpolitics/comments/1gqim8b/council_tax_in_bristol_could_rise_by_an/lx1wlde/,2024-11-14 07:05:41,12,"In 201314 Bristol City Council spent around 120m on adult social care. 2324, 190m, 30m more than inflation. In the last 3 years the spending on childrens social care has increased by 30 in real terms. The people want these services, the money has to come from somewhere. You can either tax people outside of bristol more to pay for it, or inside bristol.",False,False,neutral,"The people want these services, the money has to come from somewhere.",neutral,approve
213,income tax,14id42n,https://www.reddit.com/r/ukpolitics/comments/14id42n/starmer_indicates_he_will_not_raise_income_tax/,2023-06-25 05:48:47,Starmer indicates he will not raise income tax for top earners,jpfy9e2,https://www.reddit.com/r/ukpolitics/comments/14id42n/starmer_indicates_he_will_not_raise_income_tax/jpfy9e2/,2023-06-25 08:45:57,2,"News flash, if inflation doesnt come soon tax increases are the only option left apart from letting inflation spiral. Taxes have to go up, ideally for everyone but the poor.",False,False,disapprove,taxes have to go up due to the inflation rises,disagree,approve
214,minimum wage,1jplpoi,https://www.reddit.com/r/ukpolitics/comments/1jplpoi/minimum_wage_rises_do_not_seem_to_boost_uk/,2025-04-02 11:55:32,Minimum wage rises do not seem to boost UK productivity,ml0cldt,https://www.reddit.com/r/ukpolitics/comments/1jplpoi/minimum_wage_rises_do_not_seem_to_boost_uk/ml0cldt/,2025-04-02 12:55:41,1,Invest in new tech then.... Make all training for staff that improves productivity tax free.,False,False,approve,invest in new tech is better,agree,approve
215,council tax,1f7epcr,https://www.reddit.com/r/ukpolitics/comments/1f7epcr/no_plans_to_raise_council_tax_but_rayner_does_not/,2024-09-02 19:54:15,‘No plans’ to raise council tax but Rayner does not rule out discounts cut,ll9uza8,https://www.reddit.com/r/ukpolitics/comments/1f7epcr/no_plans_to_raise_council_tax_but_rayner_does_not/ll9uza8/,2024-09-03 08:51:56,0,"As per usual, all the I dont mind tax rises throwing the toys out the pram when a tax rise actually impacts them.",False,False,neutral,,neutral,approve
217,income tax,1g2wawh,https://www.reddit.com/r/ukpolitics/comments/1g2wawh/one_million_top_taxpayers_pay_more_than_two/,2024-10-13 19:29:37,One million top taxpayers pay more than two fifths of all income tax,lruapnl,https://www.reddit.com/r/ukpolitics/comments/1g2wawh/one_million_top_taxpayers_pay_more_than_two/lruapnl/,2024-10-14 07:44:56,0,So lets tax them even more to ensure they pay their fair share,False,False,approve,tax the top earners more,agree,approve
218,council tax,1bsvquw,https://www.reddit.com/r/ukpolitics/comments/1bsvquw/council_tax_to_double_for_80_per_cent_of_second/,2024-04-01 06:39:07,Council tax to double for 80 per cent of second homes,kxoet5m,https://www.reddit.com/r/ukpolitics/comments/1bsvquw/council_tax_to_double_for_80_per_cent_of_second/kxoet5m/,2024-04-02 11:27:47,2,Didnt read second homes and had a mild heart attack.,False,False,neutral,,neutral,approve
219,national insurance,1gfmgq3,https://www.reddit.com/r/ukpolitics/comments/1gfmgq3/employers_national_insurance_rise_is_bigger_than/,2024-10-30 13:25:36,Employers' national insurance rise is bigger than predicted as chancellor seeks to raise £40bn in taxes | Politics News,lum0bxe,https://www.reddit.com/r/ukpolitics/comments/1gfmgq3/employers_national_insurance_rise_is_bigger_than/lum0bxe/,2024-10-30 23:38:42,5,"The United Kingdom is a poor country with a very large and rich imperial capital subsidizing the rest by being the financial nexus between Europe, the US, and Asia. And then you fucked it with Brexit. If things like British Leyland didnt happen etc and the UK still had a half decent manufacturing industry this would be different but times have changed. If you want first world services, then you must pay.",False,False,approve,"the services need payment, although the country is now much poorer",agree,neutral
221,poverty,1ekl5b4,https://www.reddit.com/r/ukpolitics/comments/1ekl5b4/to_what_degree_if_any_did_poverty_and_wealth/,2024-08-05 12:13:45,To what degree (if any) did poverty and wealth inequality cause these riots?,lglfu49,https://www.reddit.com/r/ukpolitics/comments/1ekl5b4/to_what_degree_if_any_did_poverty_and_wealth/lglfu49/,2024-08-05 13:04:30,49,"Well youd only need to look at where the worst of the disorder is occurring. Towns and communities left behind, predominantly in the North. Less so in affluent cities in the South. Even in my home city of Bristol, the rioters were white working class, City and Rovers fans from the outlying estates and satellite towns. The counterprotesters on the other hand, tended to be middleclass pilgrims whove gentrified the city centre over the past 510 years.",False,False,approve,white working class vs middle-class pilgrims,agree,approve
223,minimum wage,1htoxqq,https://www.reddit.com/r/ukpolitics/comments/1htoxqq/graduate_salaries_plunge_by_4_since_2001_annual/,2025-01-04 21:29:10,"Graduate salaries plunge by 4% since 2001: Annual wages for university leavers are now at £34,000 - while amount earned by full-time worker on minimum wage surged by 60% to £21,700",m5kxohu,https://www.reddit.com/r/ukpolitics/comments/1htoxqq/graduate_salaries_plunge_by_4_since_2001_annual/m5kxohu/,2025-01-05 20:39:33,1,Down 4 in 23 years isnt plunging. Typical Mail hyperbole. Still its a bit disappointing.,False,False,disapprove,the media is exaggerating the drop,disagree,approve
224,income tax,1ars6sw,https://www.reddit.com/r/ukpolitics/comments/1ars6sw/jeremy_hunt_drops_plans_for_2p_income_tax_cut/,2024-02-15 22:26:20,Jeremy Hunt drops plans for 2p income tax cut,kqnw9k7,https://www.reddit.com/r/ukpolitics/comments/1ars6sw/jeremy_hunt_drops_plans_for_2p_income_tax_cut/kqnw9k7/,2024-02-16 09:08:18,1,Promises meet reality again. No chance of tax cuts when youve got pensioners who need their benefits increased every single year.,False,False,disapprove,the politicians miss their promises and submit to the reality,disagree,approve
225,income tax,1g2wawh,https://www.reddit.com/r/ukpolitics/comments/1g2wawh/one_million_top_taxpayers_pay_more_than_two/,2024-10-13 19:29:37,One million top taxpayers pay more than two fifths of all income tax,lrulao4,https://www.reddit.com/r/ukpolitics/comments/1g2wawh/one_million_top_taxpayers_pay_more_than_two/lrulao4/,2024-10-14 09:59:38,2,Income inequality is the cause of course.,False,False,approve,income inequality is the cause,agree,approve
227,income tax,109xakq,https://www.reddit.com/r/ukpolitics/comments/109xakq/the_times_has_also_been_told_that_the_treasury_is/,2023-01-12 11:19:33,"The Times has also been told that the Treasury is discussing giving people tax breaks to go back to work Discussion is at an early stage, but there's talk around allowances and even exempting over 50s from income tax",j4238f3,https://www.reddit.com/r/ukpolitics/comments/109xakq/the_times_has_also_been_told_that_the_treasury_is/j4238f3/,2023-01-12 17:23:16,5,"Its been a long time since a proposed policy has actually made me feel genuine anger. Like mostly I just look at Tory policy, shake my head and chuckle, counting the days until the next election. But the idea that this was even floated in a blue sky, kill all the poor and lower VAT way at all, let alone leaked as a trial balloon has filled me with a rage that I cant even begin to unpack. The utter contempt for anyone under the age of 50 just blows my mind.",False,False,disapprove,the under 50s population is under stress and contempt,disagree,approve
229,minimum wage,1gf15o1,https://www.reddit.com/r/ukpolitics/comments/1gf15o1/budget_2024_minimum_wage_workers_to_get_huge_pay/,2024-10-29 18:05:42,Budget 2024: Minimum wage workers to get huge pay boost - what it means for you,luewvga,https://www.reddit.com/r/ukpolitics/comments/1gf15o1/budget_2024_minimum_wage_workers_to_get_huge_pay/luewvga/,2024-10-29 21:01:17,30,"Theres a difference between wanting minimum wage people to suffer and not wanting yourself to suffer. The more minimum wage goes up, the more costs tend to go up and our wages are not rising in line with that. Yes, I can ask for a payrise and no, I probably wont get one because the whole of my industry is fairly in line on pay. Theres a gap between minimum wage jobs and highly skilled jobs where you probably can threaten to leave and then get a raise. But that gap is quickly closing as were slowly but surely pushed towards minimum wage. Nobody is blaming minimum wage workers, obviously. But itd be nice if there was at least an attempt to solve this particular issue millions of us face. Do we really think businesses are going to eat this cost, or pass it onto consumers with price rises which many of us wont get payrises in line with and pay freezes? At least without the government doing something to stop that?",False,False,disapprove,need to consider other workers’ wage,disagree,disapprove
232,minimum wage,wsgeka,https://www.reddit.com/r/ukpolitics/comments/wsgeka/labour_sets_out_plan_to_link_minimum_wage_to_cost/,2022-08-19 16:09:54,Labour sets out plan to link minimum wage to cost of living,ikydwdy,https://www.reddit.com/r/ukpolitics/comments/wsgeka/labour_sets_out_plan_to_link_minimum_wage_to_cost/ikydwdy/,2022-08-19 17:46:44,52,factor in living costs when it sets the minimum wage. Seems like a nobrainer really Im honestly surprised this isnt factored in already. Perhaps it is but Labour are seeking to make it more of a significant influence on the final wage make it harder to be ignored.,False,False,approve,should have done so before,agree,approve
233,income tax,1g2wawh,https://www.reddit.com/r/ukpolitics/comments/1g2wawh/one_million_top_taxpayers_pay_more_than_two/,2024-10-13 19:29:37,One million top taxpayers pay more than two fifths of all income tax,lrrrc88,https://www.reddit.com/r/ukpolitics/comments/1g2wawh/one_million_top_taxpayers_pay_more_than_two/lrrrc88/,2024-10-13 21:01:23,181,"People on 30k blaming those on 100k. People on 100k blaming those on 30k. Multimillionaires would read through this thread and be pissing themselves with glee. Deep down we all know there is plenty of money flowing through this country and where the majority of it sits. I do not think anyone within those payscales, and reasonably beyond, is not paying their fair share or can afford to be squeezed much more. I will say this, though, if youre earning in the top five percent in the country and beyond and think you have the right to demand the poor pay more then give your head a wobble. Instead of demanding more of people already struggling to make ends meet, try looking up.",False,False,approve,the highest earners should pay such amount rather than asking the poor earners to pay more,agree,neutral
234,national insurance,1gh9g6s,https://www.reddit.com/r/ukpolitics/comments/1gh9g6s/the_obr_report_is_changing_the_debate_it_spells/,2024-11-01 16:26:08,The OBR report is changing the debate. It spells out that 75% of “employers” national insurance will be borne by workers via lower wages. Reeves’ line - that employers are paying and workers somehow are not - becomes impossible to sustain…,luvokbi,https://www.reddit.com/r/ukpolitics/comments/1gh9g6s/the_obr_report_is_changing_the_debate_it_spells/luvokbi/,2024-11-01 16:30:14,44,"In the clip, Emily Maitlis asked why not just raise Income Tax by 2p, and Reeves said its wrong because ALL of the burden will be on working people. NO IT DOESNT. Pensioners and landlords pay Income Tax as well, they should shoulder more of the tax burden, therefore moving towards a merger is always the right thing to do. But on the tweet itself, Reeves has clearly said that the tax burden will be shouldered by both employers and employees, she never claimed that it will not affect our pay.",False,False,disapprove,employees will have to pay the cost as well in reality,disagree,approve
235,income tax,1ji2gdy,https://www.reddit.com/r/ukpolitics/comments/1ji2gdy/how_much_do_people_actually_know_about_the_10_of/,2025-03-23 15:57:00,"How much do people actually know about ""The 10% of income taxpayers with the largest incomes contribute over 60% of income tax receipts."" and majority of population in the UK being net recipient ""53.8% of all UK individuals were net recipients""?",mjbzm1d,https://www.reddit.com/r/ukpolitics/comments/1ji2gdy/how_much_do_people_actually_know_about_the_10_of/mjbzm1d/,2025-03-23 16:34:59,4,"The income of 23 million people relies heavily on the benefits they receive 13 million pensioners 10 million nonpensioners This is why if we dont massively increase immigration numbers and by that i mean quadruple current numbers at a minimum every year going forward, then taxes will have to go up significantly because an ever decreasing number of working people will be supporting an ever increasing workless majority Putting pensioners aside who are living longer, the truth is that a lot of British native people just dont want to work or if they do will call it quits after 12 hours a week because of minor afflictions, many are young people aged 2235 after graduating from university, the kinds who spend all day posting in political subreddits this or on Twitter usually really upset about the planned minuscule benefit cuts and then spend the rest of the day playing video games, easy to spot both on the internet and in person.",False,False,approve,we need immigrants to help solving the working population shortage issue,agree,approve
236,income tax,16lnxn8,https://www.reddit.com/r/ukpolitics/comments/16lnxn8/liz_truss_minibudget_nearly_included_flat_20p/,2023-09-18 07:35:00,Liz Truss mini-budget nearly included flat 20p rate of income tax. Proposal from Jacob Rees-Mogg described as going ‘full Estonia’.,k13lmfk,https://www.reddit.com/r/ukpolitics/comments/16lnxn8/liz_truss_minibudget_nearly_included_flat_20p/k13lmfk/,2023-09-18 09:12:03,171,Its mental that theres still people here defending Truss even after she literally crashed the economy,False,False,disapprove,shouldn’t trust Liz Truss as she has crashed the economy,disagree,approve
238,council tax,1dk4vku,https://www.reddit.com/r/ukpolitics/comments/1dk4vku/what_percentage_of_people_would_lose_out_from/,2024-06-20 07:23:24,What percentage of people would lose out from revenue neutral council tax reform?,l9ffk1i,https://www.reddit.com/r/ukpolitics/comments/1dk4vku/what_percentage_of_people_would_lose_out_from/l9ffk1i/,2024-06-20 07:57:30,5,"IMO they would be better to bite the bullet and increase it for everyone at the same time as rebalancing. This would stop so much comparison of mine went up, yours went down And simultaneously reducing income taxNI or abolishing stamp duty. Its the closest thing we have to a land value tax, for which there are good arguments that its better amd fairer than other taxes.",False,False,disapprove,should be balancing out for all the population,disagree,neutral
240,national insurance,1b7wvof,https://www.reddit.com/r/ukpolitics/comments/1b7wvof/how_much_money_would_you_save_with_jeremy_hunts/,2024-03-06 10:55:20,How much money would you save with Jeremy Hunt’s 2p National Insurance cut? | The Independent,ktloemr,https://www.reddit.com/r/ukpolitics/comments/1b7wvof/how_much_money_would_you_save_with_jeremy_hunts/ktloemr/,2024-03-06 12:54:26,2,"How much do we gain once the 2 years of 4 at least Council Tax increases per year are included? In some areas its far more than that. Its kinda mad though that some people will see that saving and assume its money in their pocket, meanwhile other taxes go up to make up the loss of funding. I also wonder how many people will lose more than that, by clonking a pot hole that could have been fixed, suffering flooding because capital schemes are delayed, by being sat on a long NHS waiting list etc.",False,False,disapprove,the NI cut is not saving for ordinary people and most will be losing with worse service,disagree,neutral
241,minimum wage,1gi1r94,https://www.reddit.com/r/ukpolitics/comments/1gi1r94/tory_tipped_as_kemi_badenochs_shadow_chancellor/,2024-11-02 17:34:15,Tory tipped as Kemi Badenoch's Shadow Chancellor said minimum wage is a 'burden',lv45po0,https://www.reddit.com/r/ukpolitics/comments/1gi1r94/tory_tipped_as_kemi_badenochs_shadow_chancellor/lv45po0/,2024-11-03 01:53:31,3,"Sure, minimum wage is a burden to anyone being paid it because its barely enough for people to get by on.",False,False,disapprove,the real problem is that the minimum wage is too low,disagree,approve
242,poverty,1jfaip4,https://www.reddit.com/r/ukpolitics/comments/1jfaip4/gordon_brown_aiming_to_end_poverty_with_multibank/,2025-03-19 23:03:01,Gordon Brown aiming to end poverty with Multibank project,mitaz0q,https://www.reddit.com/r/ukpolitics/comments/1jfaip4/gordon_brown_aiming_to_end_poverty_with_multibank/mitaz0q/,2025-03-20 15:52:38,1,"I was hoping for something revolutionary, but its a food bank on steroids? Maybe if the government looked at tackling why pay has stagnated whilst costs have skyrocketed for pretty much everything then people wouldnt need a foodclothestoiletrieswhatever bank? rant!",False,False,disapprove,it's essentially a food bank and not tackling the real problem of wage stagnation,disagree,neutral
243,council tax,1hmu95y,https://www.reddit.com/r/ukpolitics/comments/1hmu95y/quarter_of_council_tax_revenue_spent_on/,2024-12-26 18:15:28,Quarter of council tax revenue spent on ‘unjustifiably generous’ staff pensions,m3xpmnu,https://www.reddit.com/r/ukpolitics/comments/1hmu95y/quarter_of_council_tax_revenue_spent_on/m3xpmnu/,2024-12-26 21:40:02,2,Theres no such thing as unjustifiably generous staff pensions when the vast majority of public sector works are on unjustifiably mean low wages.,False,False,disapprove,There's no such thing as 'unjustifiably generous staff pensions' when the vast majority of public sector works are on unjustifiably mean low wages.,disagree,neutral
245,minimum wage,ww89sx,https://www.reddit.com/r/ukpolitics/comments/ww89sx/minimum_wage_should_be_increased_to_15_an_hour_as/,2022-08-24 04:09:48,"Minimum wage should be increased to £15 an hour as soon as possible, says TUC | Minimum wage",ilm8izw,https://www.reddit.com/r/ukpolitics/comments/ww89sx/minimum_wage_should_be_increased_to_15_an_hour_as/ilm8izw/,2022-08-24 18:07:16,0,Why not 50 an hour?,False,False,disapprove,make a sarcastic retort,disagree,approve
246,income tax,14h9r5d,https://www.reddit.com/r/ukpolitics/comments/14h9r5d/keir_starmer_i_dont_want_to_raise_income_tax_for/,2023-06-23 22:04:30,Keir Starmer: I don’t want to raise income tax for top earners,jpa43qk,https://www.reddit.com/r/ukpolitics/comments/14h9r5d/keir_starmer_i_dont_want_to_raise_income_tax_for/jpa43qk/,2023-06-23 23:28:55,0,"What would be the point? Better to get them to pay the money they do owe, rather than increase the bill",False,False,disapprove,"Better to get top earners to pay the money they do owe, rather than increase the bill for poor earners",disagree,approve
247,national insurance,1b7wvof,https://www.reddit.com/r/ukpolitics/comments/1b7wvof/how_much_money_would_you_save_with_jeremy_hunts/,2024-03-06 10:55:20,How much money would you save with Jeremy Hunt’s 2p National Insurance cut? | The Independent,ktlek68,https://www.reddit.com/r/ukpolitics/comments/1b7wvof/how_much_money_would_you_save_with_jeremy_hunts/ktlek68/,2024-03-06 11:25:32,14,"Slightly misleading article the actual effect of a 2 pt cut if you are earning 50k plus is a saving of 754 a year or 63 a month but as part of the Autumn Statement a further 2 pts was already deducted. A more helpful headline might talk about the effect of a 4 pt cut as the rate was 12 for most of 2324. The actual reduction vs 12 is more like 1500. Should be pointed out though that anyone earning over 70k with 2 kids or more loses 100 of child benefit, regardless of what their partner earns if they have one. If Hunt does something about that too as has been speculated as a possible rabbit in the hat trick for later on then you might get some people taking notice but so what? A small of us might be a couple if hundred quid a month better off. As someone on 90k its welcome but given my local council is also talking about cutting my local library and council run gym and pool off Im not sure Im winning. I do think its interesting that its NI going and not income tax though, so retirees wont see any reduction in tax on their private pensions.",False,False,disapprove,"NI cut is not saving, barely noticeable and people are not getting good service",disagree,approve
248,income tax,1ji2gdy,https://www.reddit.com/r/ukpolitics/comments/1ji2gdy/how_much_do_people_actually_know_about_the_10_of/,2025-03-23 15:57:00,"How much do people actually know about ""The 10% of income taxpayers with the largest incomes contribute over 60% of income tax receipts."" and majority of population in the UK being net recipient ""53.8% of all UK individuals were net recipients""?",mjh0f7u,https://www.reddit.com/r/ukpolitics/comments/1ji2gdy/how_much_do_people_actually_know_about_the_10_of/mjh0f7u/,2025-03-24 13:09:47,1,"I think for me, this is simply a quirk of mathematics that doesnt reflect a reality. The way I think of it is for each percentile, do a calc base living costs excluding taxesamount left after taxes. The lower incomes have a much highier ratio than highier earners. And it is this ratio that people are feeling when they think of inequality. Peoples answer is to reduce taxes which increases the denominator. Except, this will push up the base cost of living.",False,False,disapprove,this is simply a quirk of mathematics that doesn’t reflect a reality,disagree,neutral
249,minimum wage,1gf15o1,https://www.reddit.com/r/ukpolitics/comments/1gf15o1/budget_2024_minimum_wage_workers_to_get_huge_pay/,2024-10-29 18:05:42,Budget 2024: Minimum wage workers to get huge pay boost - what it means for you,luehqrt,https://www.reddit.com/r/ukpolitics/comments/1gf15o1/budget_2024_minimum_wage_workers_to_get_huge_pay/luehqrt/,2024-10-29 19:46:40,6,"To all the people in this thread complaining about minimum wage increases when their salaries stay the same, genuinely when was the last time you asked for a pay rise? So many people expect their pay to rise annually but dont even make any demands of their employers.",False,False,approve,people who are complaining their pay stagnation should think about asking for pay rise to their employers themselves rather than blaming the minimum wage increase,agree,approve
250,national insurance,x5ijfr,https://www.reddit.com/r/ukpolitics/comments/x5ijfr/paul_brand_on_twitter_liz_truss_says_it_is_fair/,2022-09-04 10:13:44,Paul Brand on Twitter: Liz Truss says “it is fair” that her national insurance cut will benefit the richest to the tune of about £2k and do relatively little for the lowest paid. She argues there has been too much focus on the distribution of income in the past twenty years.,in193el,https://www.reddit.com/r/ukpolitics/comments/x5ijfr/paul_brand_on_twitter_liz_truss_says_it_is_fair/in193el/,2022-09-04 10:16:46,378,"Liz Trusss argument is that the focus should be on growing the economy as a whole rather than how wealthincome is distributed. And that growth will benefit everyone. What was most striking about the answer was that this wasnt a gotcha question or a trap, just a transparent discussion about whether tax cuts benefit the richest. Liz Truss accepts that they do in raw statistics and isnt afraid to say so, arguing itll boost growth for all. By contrast Rishi Sunak tells bbclaurak its right to focus the most help on the most vulnerable. The full thread for all to see how mad our new PM will be. God help us. She really doesnt see how bad this looks to the country.",False,False,disapprove,the new PM Liz Truss is mad on running the country,disagree,approve
251,council tax,1f7epcr,https://www.reddit.com/r/ukpolitics/comments/1f7epcr/no_plans_to_raise_council_tax_but_rayner_does_not/,2024-09-02 19:54:15,‘No plans’ to raise council tax but Rayner does not rule out discounts cut,ll8x7r2,https://www.reddit.com/r/ukpolitics/comments/1f7epcr/no_plans_to_raise_council_tax_but_rayner_does_not/ll8x7r2/,2024-09-03 03:44:12,11,"So labour want to maintain a deeply regressive tax, which has no link to a persons ability to pay. While brutally increasing it for people who dare to live alone and whose households use the fewest council services. Awful government.",False,False,disapprove,the regressive tax hurts people who lives alone and whose households use the fewest council services,disagree,neutral
252,minimum wage,1geet2p,https://www.reddit.com/r/ukpolitics/comments/1geet2p/minimum_wage_to_rise_by_more_than_6_in_budget/,2024-10-28 22:13:55,Minimum wage to rise by more than 6% in budget,lu9f1eq,https://www.reddit.com/r/ukpolitics/comments/1geet2p/minimum_wage_to_rise_by_more_than_6_in_budget/lu9f1eq/,2024-10-28 23:22:40,15,So the band 2 in the NHS is now under minimum wage? Band 2 is 12.08,False,False,disapprove,the low pay workers now are paid less than minimum wage,disagree,neutral
256,council tax,1ei3fdu,https://www.reddit.com/r/ukpolitics/comments/1ei3fdu/new_council_tax_band_system_under_labour_will/,2024-08-02 07:51:17,"New council tax band system under Labour will push bills up by £1,230",lg3scxs,https://www.reddit.com/r/ukpolitics/comments/1ei3fdu/new_council_tax_band_system_under_labour_will/lg3scxs/,2024-08-02 08:11:52,-1,Devolve the property tax system down to the council level and let each one decide how they want to do it. Nothing to do with national government really.,False,False,disapprove,the council tax should be decentralised to council level,disagree,neutral
257,national insurance,1b164om,https://www.reddit.com/r/ukpolitics/comments/1b164om/jeremy_hunt_plans_national_insurance_cut_and_vape/,2024-02-27 07:32:03,Jeremy Hunt plans national insurance cut and vape tax for budget,ksd107q,https://www.reddit.com/r/ukpolitics/comments/1b164om/jeremy_hunt_plans_national_insurance_cut_and_vape/ksd107q/,2024-02-27 11:36:05,3,"I dont understand the focus on rate cutting. Increase the thresholds which have been frozen. Thats a lot less likely to be quickly reversed by Labour if they come in, and will take more people out of taxation.",False,False,disapprove,should take actions that won’t be quickly reversed by next government,disagree,disapprove
258,council tax,1fmy24v,https://www.reddit.com/r/ukpolitics/comments/1fmy24v/rachel_reeves_wont_scrap_single_person_council/,2024-09-22 18:02:51,Rachel Reeves won’t scrap single person council tax discount,log7mfd,https://www.reddit.com/r/ukpolitics/comments/1fmy24v/rachel_reeves_wont_scrap_single_person_council/log7mfd/,2024-09-23 01:07:59,1,"Oh I thought they couldnt tell us this? That it was protected information before the budget? That is what Labour supporters were telling us. Now suddenly they can say they have ruled out such a vile tax increase. I give them no credit for it, credit should go to the people who wouldnt wait for the budget, who ignored demands from Labours supporters to shutup and wait. Who saw this vile tax increase off. Of course I am sure that Labour being caught in an increasingly damaging bribery scandal has nothing to do with this reverse ferret.",False,False,neutral,such information should be released way before the budget,neutral,approve
259,minimum wage,1cm79rl,https://www.reddit.com/r/ukpolitics/comments/1cm79rl/third_of_hmrc_workers_paid_national_minimum_wage/,2024-05-07 09:54:47,Third of HMRC workers paid national minimum wage,l2ywvn1,https://www.reddit.com/r/ukpolitics/comments/1cm79rl/third_of_hmrc_workers_paid_national_minimum_wage/l2ywvn1/,2024-05-07 13:15:00,31,"Its interesting to note that since its introduction in 99, the minimum wage has increased by 218, whilst the median income has only increased by 96. If median incomes had risen by the same amount over the same period, the median income in the UK would currently be 56K.",False,False,disapprove,low pay workers are not enjoying similar increase in pay,disagree,neutral
260,minimum wage,1h4g9cv,https://www.reddit.com/r/ukpolitics/comments/1h4g9cv/sickness_benefits_worth_more_than_minimum_wage_job/,2024-12-01 23:03:11,Sickness benefits worth more than minimum wage job,mi2izg4,https://www.reddit.com/r/ukpolitics/comments/1h4g9cv/sickness_benefits_worth_more_than_minimum_wage_job/mi2izg4/,2025-03-16 11:05:47,1,"I dont know where people get the idea the benefits for those with longterm illness and unable to work... is high... for most it is way below minimum wage, and also people are NOT allowed to save as if they could so are trapped in a life of little... unable to buy a house, have enough for a car even... it is horrible for them, basically been kept in a life of poverty. However, if you are a drug addict, and most of them are very capable of working hard jobs and long hours... they get very high benefits, and I tell you, I have never earnt as much as some of those I had to care for... That is where the benefit system is failing, as it is buying drug addict drugs! Also linked, psychiatric units... they are full of drug addicts now, simply because the drug damage has turned them into extremely badly behaved animals... surely prison is the place for that! So, those who actually need and deserve the help can get it. People actually ill who do get benefit way above minimum wage, dont get it for long, as generally they are dying! So, to see them have a more comfortable end of their lives, they deserve higher benefits.",False,False,disapprove,"the statement is not true, for most benefits they are way below minimum wage; in fact, they should get higher benefits",disagree,approve
261,minimum wage,1do04uu,https://www.reddit.com/r/ukpolitics/comments/1do04uu/weekly_real_wage_growth_just_16_since_2010_but/,2024-06-25 08:23:37,Weekly real wage growth just £16 since 2010 but minimum wage one of the worlds highest,la6ah2g,https://www.reddit.com/r/ukpolitics/comments/1do04uu/weekly_real_wage_growth_just_16_since_2010_but/la6ah2g/,2024-06-25 08:28:13,43,Because management have funded the minimum wage rises by stalling middle earnings.,False,False,approve,the middle earning workers are deprived,agree,approve
262,minimum wage,tq3nns,https://www.reddit.com/r/ukpolitics/comments/tq3nns/po_ferries_sackings_ferry_operators_face_minimum/,2022-03-28 08:13:41,P&O Ferries sackings: Ferry operators face minimum wage law change,i2ey49s,https://www.reddit.com/r/ukpolitics/comments/tq3nns/po_ferries_sackings_ferry_operators_face_minimum/i2ey49s/,2022-03-28 09:18:13,49,Any company that operates in the UK should be mandated to pay UK minimum wage. Its disgusting that they can pay these new agency staff just 5.50 an hour.,False,False,disapprove,business should pay the minimum wage,disagree,approve
263,minimum wage,wwfayu,https://www.reddit.com/r/ukpolitics/comments/wwfayu/minimum_wage_should_rise_to_15_for_all_workers/,2022-08-24 10:53:24,"Minimum wage should rise to £15 for all workers, says TUC",ilky73q,https://www.reddit.com/r/ukpolitics/comments/wwfayu/minimum_wage_should_rise_to_15_for_all_workers/ilky73q/,2022-08-24 12:41:55,-3,"Its a nice idea on paper, completely unworkable in reality",False,False,disapprove,"a nice idea on paper, completely unworkable in reality",disagree,approve
266,income tax,14id42n,https://www.reddit.com/r/ukpolitics/comments/14id42n/starmer_indicates_he_will_not_raise_income_tax/,2023-06-25 05:48:47,Starmer indicates he will not raise income tax for top earners,jpg4l4w,https://www.reddit.com/r/ukpolitics/comments/14id42n/starmer_indicates_he_will_not_raise_income_tax/jpg4l4w/,2023-06-25 10:14:57,37,Good. Income tax is already too high. We need to tackle Capital gain taxes. 100k paye and you get 60 tax on it. 100k capital gain and you get 28 for not doing a fucking thing. How is that fair?,False,False,approve,should increase capital gain taxes rather than depriving working population gains,agree,approve
267,council tax,1afcocu,https://www.reddit.com/r/ukpolitics/comments/1afcocu/britains_council_tax_is_arbitrary_regressive_and/,2024-01-31 07:53:28,"Britain’s council tax is arbitrary, regressive and needs fixing",ko97i15,https://www.reddit.com/r/ukpolitics/comments/1afcocu/britains_council_tax_is_arbitrary_regressive_and/ko97i15/,2024-01-31 08:10:57,63,"I object to the fact as a resident of a new build house I have to pay council tax twice. Once to the council. Then because the council refuses to do its job on my estate, again to a maintenance firm to do the councils job. This regressive bullshit of councils being able to shirk responsibility for land within their purview needs to end. Either new builds that require maintenance fees for green space traditionally managed by council should get a discount to recognise the council are offloading their responsibilities to residents. Or they should simply be forced into adopting these areas. Its doubly insulting when the council are clearly using the new build estates to build paths to connect areas which they are not responsible for maintaining. So private residents are paying to maintain paths that lead to a new shopping area as the council has sneakily ensured the fastest routes are directly through the new builds, so they dont have to pay for it.",False,False,approve,the council tax is paid but no service is received,agree,approve
268,minimum wage,1htoxqq,https://www.reddit.com/r/ukpolitics/comments/1htoxqq/graduate_salaries_plunge_by_4_since_2001_annual/,2025-01-04 21:29:10,"Graduate salaries plunge by 4% since 2001: Annual wages for university leavers are now at £34,000 - while amount earned by full-time worker on minimum wage surged by 60% to £21,700",m5f1to4,https://www.reddit.com/r/ukpolitics/comments/1htoxqq/graduate_salaries_plunge_by_4_since_2001_annual/m5f1to4/,2025-01-04 21:36:25,27,"Correct me if Im wrong, but isnt median wage here around 35,000? Edit According to the ONS, its around 37,000 httpswww.ons.gov.ukemploymentandlabourmarketpeopleinworkearningsandworkinghoursbulletinsannualsurveyofhoursandearnings2024",False,True,disapprove,the data is incorrect,disagree,approve
269,council tax,1dn73ut,https://www.reddit.com/r/ukpolitics/comments/1dn73ut/the_next_government_must_be_bold_in_confronting/,2024-06-24 07:42:57,The next government must be bold in confronting council tax,la10eop,https://www.reddit.com/r/ukpolitics/comments/1dn73ut/the_next_government_must_be_bold_in_confronting/la10eop/,2024-06-24 10:56:41,-1,Councils are falling apart with lower funding and higher bills. Somthing has to give and I suspect it will be council tax. Maybe making it more standardised across the UK will help. All band x pay the same,False,False,disapprove,councils are underfunded already ,disagree,neutral
271,income tax,1g2wawh,https://www.reddit.com/r/ukpolitics/comments/1g2wawh/one_million_top_taxpayers_pay_more_than_two/,2024-10-13 19:29:37,One million top taxpayers pay more than two fifths of all income tax,lrro058,https://www.reddit.com/r/ukpolitics/comments/1g2wawh/one_million_top_taxpayers_pay_more_than_two/lrro058/,2024-10-13 20:43:43,15,"This old chestnut again Yes they do. Partly because people below them dont earn nearly enough to be able to pay more and mostly because the top 3000 or so pay a disproportionately low percentage of tax compared to literally everyone else but especially the top million payers, who get absolutely fucking shafted",False,False,approve,it's justifiable because the inequality in income and the high earners are under paying the taxes,agree,approve
273,minimum wage,1gi1r94,https://www.reddit.com/r/ukpolitics/comments/1gi1r94/tory_tipped_as_kemi_badenochs_shadow_chancellor/,2024-11-02 17:34:15,Tory tipped as Kemi Badenoch's Shadow Chancellor said minimum wage is a 'burden',lv1sn5d,https://www.reddit.com/r/ukpolitics/comments/1gi1r94/tory_tipped_as_kemi_badenochs_shadow_chancellor/lv1sn5d/,2024-11-02 17:46:17,19,Employee rights have already been eroded with zero hour contracts take away the minimum which really isnt all that high compared to living costs and it would be criminal,False,False,disapprove,would be criminal to take away the minimum wage,disagree,neutral
274,national insurance,x5ijfr,https://www.reddit.com/r/ukpolitics/comments/x5ijfr/paul_brand_on_twitter_liz_truss_says_it_is_fair/,2022-09-04 10:13:44,Paul Brand on Twitter: Liz Truss says “it is fair” that her national insurance cut will benefit the richest to the tune of about £2k and do relatively little for the lowest paid. She argues there has been too much focus on the distribution of income in the past twenty years.,in3uq8g,https://www.reddit.com/r/ukpolitics/comments/x5ijfr/paul_brand_on_twitter_liz_truss_says_it_is_fair/in3uq8g/,2022-09-04 22:38:30,3,"Soooo...shes a Thatcherite nightmare, literally a Thatcherite meme come alive",False,False,disapprove,Liz Truss is a Thatcherite ,disagree,approve
275,income tax,1g2wawh,https://www.reddit.com/r/ukpolitics/comments/1g2wawh/one_million_top_taxpayers_pay_more_than_two/,2024-10-13 19:29:37,One million top taxpayers pay more than two fifths of all income tax,lrrjoqj,https://www.reddit.com/r/ukpolitics/comments/1g2wawh/one_million_top_taxpayers_pay_more_than_two/lrrjoqj/,2024-10-13 20:20:38,29,Yes so people with a large disposable income pay more tax.,False,False,approve,the top earners enjoys a large disposable income,agree,approve
276,minimum wage,1f47wzx,https://www.reddit.com/r/ukpolitics/comments/1f47wzx/like_throwing_myself_at_a_wall_uk_graduates/,2024-08-29 18:15:07,‘Like throwing myself at a wall’: UK graduates struggle in ‘insane’ job market - ‘Hostile and impersonal’ process to find first job after university leads many to work for minimum wage,lkjome8,https://www.reddit.com/r/ukpolitics/comments/1f47wzx/like_throwing_myself_at_a_wall_uk_graduates/lkjome8/,2024-08-29 19:39:52,2,"Even degrees that dont have any clear employment prospects can be valuable, but people going into them need to realise that getting a degree wont entitle them to a good job given graduates arent exactly in low supply",False,False,disapprove,degree themselves doesn’t guarantee good job,disagree,approve
277,income tax,1j6ehrl,https://www.reddit.com/r/ukpolitics/comments/1j6ehrl/handouts_offered_through_sickness_and_disability/,2025-03-08 10:35:03,"Handouts offered through sickness and disability benefits bill will swallow up a quarter of income tax intake by 2030, report warns",mgoc5fr,https://www.reddit.com/r/ukpolitics/comments/1j6ehrl/handouts_offered_through_sickness_and_disability/mgoc5fr/,2025-03-08 12:49:20,2,"Labour grandee Lord Blunkett pictured, a former work and pensions secretary, said the report is timely given that the Governments own welfare reform paper is imminent Yes, very timely.",False,False,disapprove,"make a sarcastic retort
",disagree,neutral
278,income tax,1ars6sw,https://www.reddit.com/r/ukpolitics/comments/1ars6sw/jeremy_hunt_drops_plans_for_2p_income_tax_cut/,2024-02-15 22:26:20,Jeremy Hunt drops plans for 2p income tax cut,kqlxvga,https://www.reddit.com/r/ukpolitics/comments/1ars6sw/jeremy_hunt_drops_plans_for_2p_income_tax_cut/kqlxvga/,2024-02-15 23:31:01,149,"Increase the tax brackets, not fuck around with the tax rate.",False,False,approve,"should increase the tax brackets, not to mess around with the tax rate.",agree,disapprove
279,council tax,1i7zi7h,https://www.reddit.com/r/ukpolitics/comments/1i7zi7h/charities_call_for_end_to_cruel_threat_of_jail/,2025-01-23 09:17:06,Charities call for end to 'cruel' threat of jail for non-payment of council tax,m8p4mh4,https://www.reddit.com/r/ukpolitics/comments/1i7zi7h/charities_call_for_end_to_cruel_threat_of_jail/m8p4mh4/,2025-01-23 09:25:09,20,"Nadhim Zahawi owed millions in tax, made a deal so he didnt even pay all he owed, and all this was happening while he was Conservative Party Chair no jail for the right dishonourable member",False,False,approve,the politicians should take the responsibility,agree,neutral
280,income tax,13iyd4j,https://www.reddit.com/r/ukpolitics/comments/13iyd4j/sunak_pulls_off_biggest_tax_raid_in_44_years_as/,2023-05-16 08:42:04,Sunak pulls off biggest tax raid in 44 years as one in five pay higher rate - Six-year freeze on income tax thresholds is Treasury’s single biggest revenue raiser,jkce936,https://www.reddit.com/r/ukpolitics/comments/13iyd4j/sunak_pulls_off_biggest_tax_raid_in_44_years_as/jkce936/,2023-05-16 10:12:05,10,"The Tories are using the tax system as a social engineering tool, by making taxes more and more regressive theyre disincentivising work and ensuring that only those with existing capital are able to growth their wealth above the level of inflation. We need to bring Captial Gains Tax in line with income tax, otherwise well continue to see billionaires like Rishi Sunak paying a lower proportion of their income in taxes than a normal teacher. Thats not taking the graduate tax into consideration.",False,False,disapprove,"The Tories are using the tax system as a social engineering tool, by making taxes more and more regressive they’re disincentivising work and ensuring that only those with existing capital are able to growth their wealth above the level of inflation. We need to bring Captial Gains Tax in line with income tax, otherwise we’ll continue to see billionaires like Rishi Sunak paying a lower proportion of their income in taxes than a normal teacher. That’s not taking the graduate tax into consideration.",disagree,approve
282,poverty,1ekl5b4,https://www.reddit.com/r/ukpolitics/comments/1ekl5b4/to_what_degree_if_any_did_poverty_and_wealth/,2024-08-05 12:13:45,To what degree (if any) did poverty and wealth inequality cause these riots?,lglp5xq,https://www.reddit.com/r/ukpolitics/comments/1ekl5b4/to_what_degree_if_any_did_poverty_and_wealth/lglp5xq/,2024-08-05 14:10:26,21,"Poverty and wealth inequality is a huge factor in the riots. I honestly believe people like Tommy Robinson target towns in the North of lower social economic status, because people from those town are more vulnerable to being sucked into his ideologies.",False,False,approve,"Poverty and wealth inequality is a huge factor in the riots, and it’s contributing to the political campaign as well",agree,approve
284,council tax,1hmu95y,https://www.reddit.com/r/ukpolitics/comments/1hmu95y/quarter_of_council_tax_revenue_spent_on/,2024-12-26 18:15:28,Quarter of council tax revenue spent on ‘unjustifiably generous’ staff pensions,m3ycgk5,https://www.reddit.com/r/ukpolitics/comments/1hmu95y/quarter_of_council_tax_revenue_spent_on/m3ycgk5/,2024-12-26 23:56:52,3,"I worked at a local authority where the chief exec had a penchant for sacking people that dared to defydisagree with her. I guarantee in the time I worked there she had racked up 500,000 in wrongful termination cases, all paid for by you and me of course. Shes still there, Ive no idea how to be honest, Ive seldom if ever hear someone say anything complimentary about her.",False,False,approve,some council staff is misusing their power and earn a lot,agree,approve
286,council tax,1j5sg7p,https://www.reddit.com/r/ukpolitics/comments/1j5sg7p/the_44_bosses_paid_more_than_keir_starmer_who_are/,2025-03-07 16:22:40,The 44 bosses paid more than Keir Starmer - who are hiking your council tax,mgkbjwc,https://www.reddit.com/r/ukpolitics/comments/1j5sg7p/the_44_bosses_paid_more_than_keir_starmer_who_are/mgkbjwc/,2025-03-07 19:40:31,1,"The PMs wage is pathetic, responsible for running the country, possibly the most important job going and it pays a mere 164,951.",False,False,neutral,PM wage should be increased considering its importance ,neutral,approve
287,income tax,xyt51f,https://www.reddit.com/r/ukpolitics/comments/xyt51f/the_uk_should_cut_the_top_90_rate_of_income_tax/,2022-10-08 14:42:13,The UK should cut the top 90% rate of income tax - well-intentioned bodges to the UK income tax system have created anomalously high marginal tax rates for people earning between £50-60k and £100-125k,iriq55c,https://www.reddit.com/r/ukpolitics/comments/xyt51f/the_uk_should_cut_the_top_90_rate_of_income_tax/iriq55c/,2022-10-08 15:43:31,10,"The taxfree childcare scheme creates an insane marginal rate at 100,000. The basic scheme is that the Government will stump up for 20 of your childcare costs, up to 2,000 per child. You qualify if you and your partners earnings hit 7,904, and its completely withdrawn if one of your salaries hits 100,000. The result? An infinitely negative marginal tax rate at 7,904 and another brilliantly infinite5positive marginal tax rate at 100,000. Its actually even worse than this as you also lose 15 of your 30 free hours at age three. So you basically earn 0 for the 100125k bit of income if you have nursery age kids. Im intrigued as to how this never discussed as its clearly bonkers. There shouldnt be a threshold at which you can be taxed 100 of income.",False,False,approve,the income tax is too high for £100-125k band,agree,approve
289,minimum wage,wwfayu,https://www.reddit.com/r/ukpolitics/comments/wwfayu/minimum_wage_should_rise_to_15_for_all_workers/,2022-08-24 10:53:24,"Minimum wage should rise to £15 for all workers, says TUC",ilnxg7u,https://www.reddit.com/r/ukpolitics/comments/wwfayu/minimum_wage_should_rise_to_15_for_all_workers/ilnxg7u/,2022-08-25 00:39:43,0,Why not 30 or 100? Where is the analysis that supports the value of 15 compared to other choices Or is there no such analysis?,False,False,disapprove,questioning the evidence of such increase rate,disagree,approve
291,minimum wage,1f47wzx,https://www.reddit.com/r/ukpolitics/comments/1f47wzx/like_throwing_myself_at_a_wall_uk_graduates/,2024-08-29 18:15:07,‘Like throwing myself at a wall’: UK graduates struggle in ‘insane’ job market - ‘Hostile and impersonal’ process to find first job after university leads many to work for minimum wage,lkmsiyw,https://www.reddit.com/r/ukpolitics/comments/1f47wzx/like_throwing_myself_at_a_wall_uk_graduates/lkmsiyw/,2024-08-30 07:31:07,1,"Go back to 1999 median wage was 8.60 minimum wage 3.60, about 13. Now median wage is 17.48 and minimum wage is 9.50, about 12 . The median wage is across your whole life and youd hope to earn more as you gain experience. So it should be very unsurprising that lots of 22 year olds earn minimum wage. And a degree doesnt exempt you from that. More than half your peers have one.",False,False,approve,graduates are facing harder market and payments nowadays,agree,approve
292,minimum wage,1htlc72,https://www.reddit.com/r/ukpolitics/comments/1htlc72/lowest_graduate_salaries_on_a_par_with_minimum/,2025-01-04 18:52:02,Lowest graduate salaries ‘on a par with minimum wage’ - The shrinking pay gap raises fears that university may be a waste of money for many students and could turn disaffected young people towards political extremes,m5ecobc,https://www.reddit.com/r/ukpolitics/comments/1htlc72/lowest_graduate_salaries_on_a_par_with_minimum/m5ecobc/,2025-01-04 19:21:35,273,"There are a few things going on here. 1. Minimum wage rising pretty significantly beyond regular pay increases resulting in a shrinking gap 2. Most degrees arent necessarily about prepping you for work, its a hurdle youve gotten over to prove youre smart to an employer. As a higher and higher percentage of people go to University, that hurdle has gotten lower and lower. A graduate today is not on average as smart as a graduate from 50 years ago, because only 14 of people went to Uni then, and 38 do nowadays.",False,False,disapprove,minimum wage increase is not in par with other regular pays and degrees do not guarantee good pay,disagree,approve
294,minimum wage,1ddop1q,https://www.reddit.com/r/ukpolitics/comments/1ddop1q/labour_to_promise_new_12perhour_minimum_wage_for/,2024-06-11 21:46:55,Labour to promise new £12-per-hour minimum wage for carers,l86l92g,https://www.reddit.com/r/ukpolitics/comments/1ddop1q/labour_to_promise_new_12perhour_minimum_wage_for/l86l92g/,2024-06-11 23:01:17,4,What should I spend my extra 50 pence an hour on?,False,False,neutral,its a minimal increase ,neutral,approve
295,national insurance,x5ijfr,https://www.reddit.com/r/ukpolitics/comments/x5ijfr/paul_brand_on_twitter_liz_truss_says_it_is_fair/,2022-09-04 10:13:44,Paul Brand on Twitter: Liz Truss says “it is fair” that her national insurance cut will benefit the richest to the tune of about £2k and do relatively little for the lowest paid. She argues there has been too much focus on the distribution of income in the past twenty years.,in1nnmm,https://www.reddit.com/r/ukpolitics/comments/x5ijfr/paul_brand_on_twitter_liz_truss_says_it_is_fair/in1nnmm/,2022-09-04 13:18:54,3,"The people asked for conservative, they get conservative.",False,False,neutral,this is the inevitable consequence of electing a conservative party,neutral,neutral
296,minimum wage,1edqtjz,https://www.reddit.com/r/ukpolitics/comments/1edqtjz/major_change_to_uk_minimum_wage_in_labour_cost_of/,2024-07-27 22:14:05,Major change to UK minimum wage in Labour cost of living shake-up - For the first time the Low Pay Commision will have to factor in the cost of living when calculating the suggested level of the minimum wage under a new remit to be announced by Labour's Jonathan Reynolds,lf9w5ts,https://www.reddit.com/r/ukpolitics/comments/1edqtjz/major_change_to_uk_minimum_wage_in_labour_cost_of/lf9w5ts/,2024-07-28 02:34:30,15,If they take housing costs into account it will need to be raised to 30hour.,False,False,disapprove,"in addition to the cost of living, the housing crisis also demanding a higher minimal wage",disagree,approve
297,income tax,y67akt,https://www.reddit.com/r/ukpolitics/comments/y67akt/income_tax_wont_be_cut_and_energy_bill_cap_could/,2022-10-17 11:19:26,Income tax WON'T be cut and energy bill cap could end in APRIL: New Chancellor Jeremy Hunt takes a wrecking ball to Trussonomics with frantic overhaul to save government cash - as Tories warn PM must be out in DAYS and ministers refuse to defend her on TV,isntyav,https://www.reddit.com/r/ukpolitics/comments/y67akt/income_tax_wont_be_cut_and_energy_bill_cap_could/isntyav/,2022-10-17 12:28:31,0,"Are Labour going to keep their commitment to the 1p reduction in the basic rate? They were mad to endorse it to start with, now theyre going to have to reverse that and look stupid in the process. We could not afford this measure, and Labour should have had the sense to spell this out.",False,False,neutral,Labour party should respond to such crisis,neutral,neutral
298,council tax,1fmy24v,https://www.reddit.com/r/ukpolitics/comments/1fmy24v/rachel_reeves_wont_scrap_single_person_council/,2024-09-22 18:02:51,Rachel Reeves won’t scrap single person council tax discount,log3ofc,https://www.reddit.com/r/ukpolitics/comments/1fmy24v/rachel_reeves_wont_scrap_single_person_council/log3ofc/,2024-09-23 00:43:08,1,This is meaningless given how local councils can overrule this,False,False,disapprove,local council can overrule this measure proposed by Rachel Reeves,disagree,approve
299,income tax,18m3g24,https://www.reddit.com/r/ukpolitics/comments/18m3g24/new_income_tax_band_for_higher_earners_in_scotland/,2023-12-19 14:41:33,New income tax band for higher earners in Scotland,ke1uh6r,https://www.reddit.com/r/ukpolitics/comments/18m3g24/new_income_tax_band_for_higher_earners_in_scotland/ke1uh6r/,2023-12-19 16:09:35,11,"Why would anyone able to earn a reasonable wage want to live in Scotland? Its going to become a socialist utopia, completely bankrupt, and blame it all on London.",False,False,disapprove,"Scotland is a socialist utopia, completely bankrupt and people who are high earners won’t want to live there",disagree,approve
300,council tax,1ab7azo,https://www.reddit.com/r/ukpolitics/comments/1ab7azo/bbc_news_council_tax_bands_need_overhauling/,2024-01-26 02:21:17,"BBC News: Council tax bands need overhauling, northern business group says",kjllfu5,https://www.reddit.com/r/ukpolitics/comments/1ab7azo/bbc_news_council_tax_bands_need_overhauling/kjllfu5/,2024-01-26 02:22:23,7,Seems like a no brainer. Anyone with a house valued over 2m should be taxed to fuck. Thats the realistic way of doing a wealth tax.,False,False,disapprove,should increase the tax for wealthy houses,disagree,approve
301,minimum wage,vmwhk1,https://www.reddit.com/r/ukpolitics/comments/vmwhk1/richard_burgon_if_people_cant_access_proper_legal/,2022-06-28 21:06:49,"Richard Burgon: If people can't access proper legal representation, there's a real risk of a miscarriage of justice. Yet the Government refuses to properly fund our legal aid system. Many barristers' hourly earnings are below the minimum wage. Solidarity to barristers forced to strike today.",ie5ytyv,https://www.reddit.com/r/ukpolitics/comments/vmwhk1/richard_burgon_if_people_cant_access_proper_legal/ie5ytyv/,2022-06-29 10:22:03,2,"People of this political ilk are all about one thing on paper and another in practise. On paper a fair legal system, but not in reality. On paper fair voter ID to help maintain a fair democracy, but in reality it takes several months to get a passport or drivers license and they refuse to make it free to get an ID to disenfranchise people who have no money in the bank. On paper levelling up the country through apprenticeships and jobs, but they dont vet employers and a lot of the apprenticeships are just a way to undercut minimum wage.",False,False,disapprove,politicians are used to lying and there are huge disconnection between their words and their actions,disagree,approve
305,minimum wage,1gi1r94,https://www.reddit.com/r/ukpolitics/comments/1gi1r94/tory_tipped_as_kemi_badenochs_shadow_chancellor/,2024-11-02 17:34:15,Tory tipped as Kemi Badenoch's Shadow Chancellor said minimum wage is a 'burden',lv6sndn,https://www.reddit.com/r/ukpolitics/comments/1gi1r94/tory_tipped_as_kemi_badenochs_shadow_chancellor/lv6sndn/,2024-11-03 15:15:17,1,"They really are going for the how unpopular can we be approach, arent they.",False,False,disapprove,"make a sarcastic retort
",disagree,approve
306,council tax,1ah4b7k,https://www.reddit.com/r/ukpolitics/comments/1ah4b7k/east_riding_of_yorkshire_council_to_put_council/,2024-02-02 13:59:45,East Riding of Yorkshire Council to put council tax up by the maximum allowed to cover £12.7 million gap in budget,kol7grs,https://www.reddit.com/r/ukpolitics/comments/1ah4b7k/east_riding_of_yorkshire_council_to_put_council/kol7grs/,2024-02-02 14:10:37,37,"Well, yeah? Itll be news if a council doesnt increase it by the maximum allowed as theyre all facing budget gaps.",False,False,disapprove,its just a common practice by the councils,disagree,neutral
307,poverty,1dl5ayz,https://www.reddit.com/r/ukpolitics/comments/1dl5ayz/do_the_reform_party_care_about_poverty_and_poor/,2024-06-21 15:26:39,Do the Reform party care about poverty and poor people?,l9mlkkn,https://www.reddit.com/r/ukpolitics/comments/1dl5ayz/do_the_reform_party_care_about_poverty_and_poor/l9mlkkn/,2024-06-21 16:25:08,-1,Ask Vladimir Putin. He makes the decisions there...,False,False,disapprove,the reform party’s rationales are similar to Putin,disagree,approve
309,national insurance,1gil2b6,https://www.reddit.com/r/ukpolitics/comments/1gil2b6/kemi_badenoch_refuses_to_promise_national/,2024-11-03 11:48:09,Kemi Badenoch refuses to promise National Insurance tax raid reversal,lv5y0zv,https://www.reddit.com/r/ukpolitics/comments/1gil2b6/kemi_badenoch_refuses_to_promise_national/lv5y0zv/,2024-11-03 11:54:29,120,"Always slightly amusing to see Thatcher cosplayers get faced with the reality of an aging population and its associated welfare demands and the fact their voter base is addicted to triple locked benefits. If youre generous to Badenoch and acknowledge her as a genuine small state proponent, then shes really leading the wrong party.",False,False,disapprove,make a sarcastic retort,disagree,neutral
310,minimum wage,wwfayu,https://www.reddit.com/r/ukpolitics/comments/wwfayu/minimum_wage_should_rise_to_15_for_all_workers/,2022-08-24 10:53:24,"Minimum wage should rise to £15 for all workers, says TUC",illeb7r,https://www.reddit.com/r/ukpolitics/comments/wwfayu/minimum_wage_should_rise_to_15_for_all_workers/illeb7r/,2022-08-24 14:50:54,34,"a rise would cause inflation. Thanks be to god we are keeping wages low, that means we dont have inflation right? Ever realize that theres always a reason why the workers have to keep getting bent over. We are told to the great dangers of high wages. but those same people who tell us high wages are bad i never hear those same people talking up the danger of high profits. gee, i wonder why.",False,False,disapprove,make a sarcastic retort,disagree,approve
311,minimum wage,159dae8,https://www.reddit.com/r/ukpolitics/comments/159dae8/how_the_national_minimum_wage_has_effectively/,2023-07-25 17:26:03,How the national minimum wage has effectively legitimised low pay,jtf6p23,https://www.reddit.com/r/ukpolitics/comments/159dae8/how_the_national_minimum_wage_has_effectively/jtf6p23/,2023-07-25 19:59:37,5,"I dont see how even the National can try to spin the National MinimumLiving Wage as a bad thing. In 1998 the first minimum wage which increased many peoples wages from an even lower base was 3.60, now the national living wage is nearly 3x times higher at 10.42. While the cost of livingrent has shot up, I doubt in most places it is 3x higher than what it was 1998, so for a great many people they are better off than they would have been before NMW. If anything what has been the biggest issue is wage compression, 1015 years ago a nurse or teacher would expect to be paid multiple 2x of someone working in a caf or stacking shelves. Whereas nowadays with the full time NLW those previously lowly paid hospitality workers could well be paid not much less than someone who has spent multiple years training 30k student debt to get paid only a few thousands more at most ...",False,False,disapprove,low pay workers are not enjoying similar increase in pay,disagree,approve
312,minimum wage,1gi1r94,https://www.reddit.com/r/ukpolitics/comments/1gi1r94/tory_tipped_as_kemi_badenochs_shadow_chancellor/,2024-11-02 17:34:15,Tory tipped as Kemi Badenoch's Shadow Chancellor said minimum wage is a 'burden',lv3a94j,https://www.reddit.com/r/ukpolitics/comments/1gi1r94/tory_tipped_as_kemi_badenochs_shadow_chancellor/lv3a94j/,2024-11-02 22:41:55,7,The government already subsidizes the use of minimum wage workers with the amount of people in work that still need some form of benefits. And without any minimum wage at all we just allow the select few to profit through an ever increasing welfare bill. Imagine striving to run a business that is only sustainable by employing people for less than a recognised minimum amount to live.,False,False,disapprove,low pay workers are not enjoying similar increase in pay,disagree,approve
313,national insurance,1gur92a,https://www.reddit.com/r/ukpolitics/comments/1gur92a/retailers_say_national_insurance_rise_makes_job/,2024-11-19 06:48:35,Retailers say national insurance rise makes job losses inevitable,lxwyoh3,https://www.reddit.com/r/ukpolitics/comments/1gur92a/retailers_say_national_insurance_rise_makes_job/lxwyoh3/,2024-11-19 12:15:30,1,And I image as well because this is such a burden on them profits will be down as well right right?!,False,False,disapprove,make a sarcastic retort,disagree,approve
314,national insurance,1cgl5bd,https://www.reddit.com/r/ukpolitics/comments/1cgl5bd/secret_thatcherera_memo_undermines_sunaks_plan_to/,2024-04-30 06:31:02,Secret Thatcher-era memo undermines Sunak’s plan to scrap national insurance,l1wpggm,https://www.reddit.com/r/ukpolitics/comments/1cgl5bd/secret_thatcherera_memo_undermines_sunaks_plan_to/l1wpggm/,2024-04-30 08:21:37,114,There needs to be some more honesty on this. Tories say they want to abolish NI but have set out no way of paying for that. The obvious way to pay for it is to increase income tax to replace it. But Sunak doesnt want to increase the rates of income tax. So hes freezing thresholds instead. But fundamentally the concept of a tax on income that you stop paying at 65 is obviously a bad thing. Why should the income of a 66 year old be taxed at a lower rate than the income of a 64 year old. Particularly when the 66 year old is provided with the state pension as well.,False,False,disapprove,the design of the scheme is not sensible,disagree,approve
315,minimum wage,1bhwgjj,https://www.reddit.com/r/ukpolitics/comments/1bhwgjj/po_ferries_has_paid_some_crew_less_than_half_uk/,2024-03-18 17:29:06,P&O Ferries has paid some crew less than half UK minimum wage,kvjwmjw,https://www.reddit.com/r/ukpolitics/comments/1bhwgjj/po_ferries_has_paid_some_crew_less_than_half_uk/kvjwmjw/,2024-03-19 08:45:06,4,Mick Lynch urged his RMT members to vote to leave the EU and thus safeguard their jobs in the maritime industry. Golf clap Mick and youve still got your Irish passport too.,False,False,disapprove,make a sarcastic retort,disagree,neutral
316,income tax,1g2wawh,https://www.reddit.com/r/ukpolitics/comments/1g2wawh/one_million_top_taxpayers_pay_more_than_two/,2024-10-13 19:29:37,One million top taxpayers pay more than two fifths of all income tax,lrs3tih,https://www.reddit.com/r/ukpolitics/comments/1g2wawh/one_million_top_taxpayers_pay_more_than_two/lrs3tih/,2024-10-13 22:09:12,1,"These statistics are misleading and not very informative. Without the data on income for the top million earners, this is meaningless. The other recent statistic was that the top 10 pay 60 of income tax. When you do a bit of digging, you find that the top 10 of the UK has about 43 of the countrys wealth. Given that it is widely accepted that wealthier people should pay a greater proportion of tax, this seems reasonable, although it could be argued that highnetworth individuals should pay more tax. As you narrow down on the higher percentiles, the discrepancy grows i.e., higher net worth individuals pay a percentage of total tax closer or less than their share of UK earnings, demonstrating more tax avoidance. Similar stats have been used a lot over the last four months to try and make labour look bad for taxing the rich, forgetting that the high tax rate is due to the tories.",False,False,disapprove,These statistics are misleading and not very informative,disagree,approve
317,minimum wage,1idvda7,https://www.reddit.com/r/ukpolitics/comments/1idvda7/karl_williams_apropos_of_nothing_in_the_first_six/,2025-01-30 19:35:32,"Karl Williams: Apropos of nothing, in the first six months of 2024, we gave out 1,063 health & care visas to workers from Zimbabwe. They brought with them 10,670 dependants. That's 10 dependants for every (likely minimum wage) social care worker.",ma663vr,https://www.reddit.com/r/ukpolitics/comments/1idvda7/karl_williams_apropos_of_nothing_in_the_first_six/ma663vr/,2025-01-31 09:52:19,2,"I spoke to a CEO of large student housing company here work connections, they said its a similar thing for students at lowerlevel unis doing lowerlevel degrees. There was data in the news out last year about XX student numbers dropping but the drop actually included dependents of students, and on average these people were bringing 7 people with them. I think the number of students at top top unis doing top top courses was on the rise, likeforlike, when you stripped these out. I believe this route has now been scrapped though, thankfully.",False,False,neutral,such thing should be stopped,neutral,approve
318,council tax,1dk4vku,https://www.reddit.com/r/ukpolitics/comments/1dk4vku/what_percentage_of_people_would_lose_out_from/,2024-06-20 07:23:24,What percentage of people would lose out from revenue neutral council tax reform?,l9fhayf,https://www.reddit.com/r/ukpolitics/comments/1dk4vku/what_percentage_of_people_would_lose_out_from/l9fhayf/,2024-06-20 08:17:30,4,"Even without a revenue generating motivation, council tax reform is desperately needed. The issue is that council tax is just one element in a bigger problem, and people get distracted by issues such as the banding being based on 1991 prices which is a largely irrelevant matter. Council funding comes from four sources, around half from council tax, just more than a quarter from retained business rates not the whole of business rates are kept by the council and just less than a quarter from government grants, and the fourth source is revenue generated by the council but this can vary wildly from one to another. Over the last 15 years the government grants have been reduced, and the government placed caps on the increase that the council could impose on council tax unless they held a local referendum. And in addition, councils unlike central government are prohibited from borrowing to cover day to day spending. Now combine all of that with the issue that there are some wealthy areas, Westminster council for example, that have low costs for many expensive social issues, plus lots of retained business rates and having a huge amount of income from parking, and they can set their council tax low irrespective of what the bands are. Compare that to councils in deprived areas with high demands on expensive social issues, low amounts of retained business rates and damn all from revenue, and you can see that doing anything with council tax alone doesnt fix anything. Now you could simply get councils to hand over 100 of council tax, business rates, and revenue to central government, and have central government hand back money wholly as grants, but that pretty much destroys local democracy and would you have wanted the Conservatives to have had that power over all the Labour and LibDem councils over the last decade?",False,False,neutral,,neutral,neutral
320,income tax,1ji2gdy,https://www.reddit.com/r/ukpolitics/comments/1ji2gdy/how_much_do_people_actually_know_about_the_10_of/,2025-03-23 15:57:00,"How much do people actually know about ""The 10% of income taxpayers with the largest incomes contribute over 60% of income tax receipts."" and majority of population in the UK being net recipient ""53.8% of all UK individuals were net recipients""?",mjc7y36,https://www.reddit.com/r/ukpolitics/comments/1ji2gdy/how_much_do_people_actually_know_about_the_10_of/mjc7y36/,2025-03-23 17:17:50,-3,"Yes, I think most people know that the top income tax payers receive vastly more income compared to their value to society, which is what generates this utterly misleading statistic.",False,False,disapprove,misleading statistic,disagree,disapprove
321,minimum wage,1e658yr,https://www.reddit.com/r/ukpolitics/comments/1e658yr/health_groups_call_for_social_care_minimum_wage/,2024-07-18 08:09:20,Health groups call for social care minimum wage to avert staffing crisis in England,ldqqwsq,https://www.reddit.com/r/ukpolitics/comments/1e658yr/health_groups_call_for_social_care_minimum_wage/ldqqwsq/,2024-07-18 09:27:12,44,"I work in care, it used to be quite well paid. Some of the girls I work with recently got their first pay rise since 2010 when the living wage went above 9.50. So they were on the equivalent of around 15 an hour back then when you adjust for inflation. I feel if that is what the wages were now wed be getting a lot more applications and retain staff for far longer. Right now the only applications we get are from people in West Africa hoping to move over here to work. Thats where we are currently at.",False,False,approve,care workers are not properly paid,agree,neutral
322,minimum wage,180l6jc,https://www.reddit.com/r/ukpolitics/comments/180l6jc/minimum_wage_to_rise_to_1144_per_hour/,2023-11-21 16:38:09,Minimum wage to rise to £11.44 per hour,ka6jul4,https://www.reddit.com/r/ukpolitics/comments/180l6jc/minimum_wage_to_rise_to_1144_per_hour/ka6jul4/,2023-11-21 17:13:22,74,"Great, assuming the professions that require a degree and qualifactions get a rise too. Why the serious fuck would you get a student loan, for a degree, to be a nurseteacher etc when you can do min wage bar work for this rate. You might say progression, and thats fair. But the top earning nurseteacher, with the huge amount of extra hours probably get to what 45k in the main. With the 54 hour work week you dont actually come out that much ahead. We are running a real risk here of median salary being not that far ahead of min wage, which is just silly. If min wage is 11.50, we need to see 45 year old professsionals with oodles of experience getting into the 60k area or it just doesnt make sense.",False,False,disapprove,"other workers are not sufficiently paid, especially the professionals with proper degree",disagree,neutral
324,income tax,1ji2gdy,https://www.reddit.com/r/ukpolitics/comments/1ji2gdy/how_much_do_people_actually_know_about_the_10_of/,2025-03-23 15:57:00,"How much do people actually know about ""The 10% of income taxpayers with the largest incomes contribute over 60% of income tax receipts."" and majority of population in the UK being net recipient ""53.8% of all UK individuals were net recipients""?",mjcgyu1,https://www.reddit.com/r/ukpolitics/comments/1ji2gdy/how_much_do_people_actually_know_about_the_10_of/mjcgyu1/,2025-03-23 18:03:04,0,"Taxation in the UK is indeed broken, everywhere else progressive taxation is used to ensure that peoples share of taxation is maintained in line with their share of the income. In Germany for example the top 1 share of the income is 21 their share of the tax receipts is 23, in the UK the top 1 share of the national income is 10, their share of the income tax receipts is over 30..... The tax wedge in the UK, and the fact that those who actually contribute and fund the social safety net and do not get to benefit from it would not pass in any other developed country.",False,False,disapprove,UK’s taxation is too regressive rather than progressive as other countries,disagree,neutral
326,national insurance,1ggixc5,https://www.reddit.com/r/ukpolitics/comments/1ggixc5/the_devastated_business_owners_left_in_tears_by/,2024-10-31 16:39:52,"The devastated business owners left in tears by Labour's Budget: Hairdresser breaks down on live TV as IFS warns National Insurance hike will hit low-paid jobs hardest and force firms to cut salaries, reduce hiring and put up prices",luqagxg,https://www.reddit.com/r/ukpolitics/comments/1ggixc5/the_devastated_business_owners_left_in_tears_by/luqagxg/,2024-10-31 17:46:05,6,"That could mean pub and restaurant chains, delivery companies and construction firms, who are also facing an increase in the minimum wage of four times inflation. Genuine question as a nonbusiness person minimum wage uplifts are routine and daily predictable being customarily linked to overall wage growth. Do businesses really not plan for this?",False,False,disapprove,business should plan and budget this cost in advance,disagree,neutral
327,national insurance,1cmces1,https://www.reddit.com/r/ukpolitics/comments/1cmces1/reeves_says_lawson_was_right_on_national_insurance/,2024-05-07 14:51:39,Reeves says Lawson was right on National Insurance,l30ohkd,https://www.reddit.com/r/ukpolitics/comments/1cmces1/reeves_says_lawson_was_right_on_national_insurance/l30ohkd/,2024-05-07 19:46:32,2,"The working mans party, lol. Ive voted Labour since I was 18, and theyve never won a general election. I should feel like everyone goes on about how 97 felt, but I cant help but think were going back to Cameron days. I hope Im wrong and this is all part of some bigger, better plan.",False,False,disapprove,the Labour party has lost its essence,disagree,neutral
328,minimum wage,1josa3u,https://www.reddit.com/r/ukpolitics/comments/1josa3u/millions_of_people_get_a_pay_rise_as_national/,2025-04-01 11:26:15,Millions of people get a pay rise as National Living Wage and National Minimum Wage increase.,mkvekus,https://www.reddit.com/r/ukpolitics/comments/1josa3u/millions_of_people_get_a_pay_rise_as_national/mkvekus/,2025-04-01 16:45:09,11,Lots of odd gloom about the increase in the minimum wage and I do get partially why but we are not longer in the era of 01 pay rises and it is actually possible to use the steady squeeze of the minimum wage on other earners to bump up your own salary. At my place we used a bit of union pressure to get our employer to double their initial offer from 3.5 to a 7 increase. Its not a hard and fast rule that your salary has to decrease YoY.,False,False,approve,people whose pay is stagnated should ask and fight for an increase rather than judge the increase in the minimum wage,agree,approve
330,poverty,1fzpra8,https://www.reddit.com/r/ukpolitics/comments/1fzpra8/record_93m_face_hunger_and_hardship_in_uk/,2024-10-09 13:03:21,Record 9.3m face hunger and hardship in UK - anti-poverty charity,lr4b2k2,https://www.reddit.com/r/ukpolitics/comments/1fzpra8/record_93m_face_hunger_and_hardship_in_uk/lr4b2k2/,2024-10-09 18:13:02,-1,Its important that we keep hammering our new government though so people go back to the Tories?,False,False,disapprove,we should not keep hammering the new Labour government in such way,disagree,approve
331,council tax,1ei3fdu,https://www.reddit.com/r/ukpolitics/comments/1ei3fdu/new_council_tax_band_system_under_labour_will/,2024-08-02 07:51:17,"New council tax band system under Labour will push bills up by £1,230",lg3u4l7,https://www.reddit.com/r/ukpolitics/comments/1ei3fdu/new_council_tax_band_system_under_labour_will/lg3u4l7/,2024-08-02 08:30:45,0,"Council tax needs total reform and this sounds like a good proposal. Though perhaps 0.5 is too high. 0.25 would be what I would expect, or perhaps leaving it to the discretion of the local councilbetter still the regional mayor in a us style system.",False,False,approve,good proposal,agree,approve
332,national insurance,wib44r,https://www.reddit.com/r/ukpolitics/comments/wib44r/liz_truss_will_seek_to_bring_in_national/,2022-08-07 09:50:08,Liz Truss will seek to bring in National Insurance cut immediately,ijakkt8,https://www.reddit.com/r/ukpolitics/comments/wib44r/liz_truss_will_seek_to_bring_in_national/ijakkt8/,2022-08-07 10:47:15,138,Why not just scrap it? Get rid of it and roll the revenue generation into Income Tax. Bold impact on our politics and gets rid of the regressive NI tax. Its a pointless duplication of taxation in any case.,False,False,disapprove,the NI system is regressive tax and should be removed,disagree,neutral
333,income tax,16lnxn8,https://www.reddit.com/r/ukpolitics/comments/16lnxn8/liz_truss_minibudget_nearly_included_flat_20p/,2023-09-18 07:35:00,Liz Truss mini-budget nearly included flat 20p rate of income tax. Proposal from Jacob Rees-Mogg described as going ‘full Estonia’.,k13lioa,https://www.reddit.com/r/ukpolitics/comments/16lnxn8/liz_truss_minibudget_nearly_included_flat_20p/k13lioa/,2023-09-18 09:10:38,24,"Estonia, and other countries mentioned in the article, didnt begin their flatrate tax with the sort of incomewealth inequalities we have in todays UK. I dont know what I think about a flat rate tax yet I havent thought about it that much. But the gutreaction is that this is another sop to the alreadywealthy than a benefit to everyone.",False,False,disapprove,"Estonia, and other countries mentioned in the article, didn’t begin their flat-rate tax with the sort of income/wealth inequalities we have in today’s UK. ",disagree,approve
334,national insurance,1gfmgq3,https://www.reddit.com/r/ukpolitics/comments/1gfmgq3/employers_national_insurance_rise_is_bigger_than/,2024-10-30 13:25:36,Employers' national insurance rise is bigger than predicted as chancellor seeks to raise £40bn in taxes | Politics News,luj50bb,https://www.reddit.com/r/ukpolitics/comments/1gfmgq3/employers_national_insurance_rise_is_bigger_than/luj50bb/,2024-10-30 14:58:21,49,"Important to note with the NI changes, the employer allowance has also been increased. So for smaller businesses less than 100k NI tax bill per year, their NI contribution could actually be slightly lower. Or the increase isnt as significant. Broadly speaking with 10 employees earning 30k would mean an increase of about 8600 in NI for that business. With the allowance increasing by 5k the total yearly additional cost is approximately 3.6k. Or 300 a month. Interestingly NI is difficult to avoid compared with various loopholes with Corp Tax, so with larger companies its and interesting way of ensuring the correct tax revenue.",False,False,approve,the employer allowances are protecting the small business,agree,approve
335,poverty,1eaz040,https://www.reddit.com/r/ukpolitics/comments/1eaz040/by_disciplining_mps_for_voting_to_pull_children/,2024-07-24 12:23:05,"By disciplining MPs for voting to pull children out of poverty, Keir Starmer has shown us who he really is | Owen Jones",leoxrxi,https://www.reddit.com/r/ukpolitics/comments/1eaz040/by_disciplining_mps_for_voting_to_pull_children/leoxrxi/,2024-07-24 12:33:51,63,"The Labour leadership has told you who it is, over and over again it is time to believe it. Keir Starmer has suspended seven Labour MPs because they voted to overturn a Tory policy which imposes poverty on children. Sure, another tale will be spun that by voting for the Scottish National partys amendment to abolish the twochild benefit cap, the seven undermined the unity of the parliamentary Labour party and were duly disciplined. But that is nonsense. It isnt nonsense, Owen. For a start, this wasnt actually a vote on the cap, this was a vote on including mentioning it in the Kings Speech. In the hypothetical and unlikely situation where the amendment passed, it wouldnt have actually removed the cap at all. Merely made it so the government were declaring that they would. So the seven rebels were not voting to overturn the Tory policy. I dont know if Owen doesnt understand that which would make him completely unsuited to being a political commentator or if hes just pretending that he doesnt which would suggest that hes just looking for an excuse to attack the PM, but either way this is an appalling article. It is hard to imagine Starmer is unaware of the fact that Osborne devised the policy to stoke public hostility towards and create a Victorian caricature of the undeserving, overbreeding poor. Oh, please. It is perfectly reasonable to object to the cap, but can we do it without painting the supporters which lets not forget, include of the public as being Scroogeesque people who get their jollies from hurting the poor? The argument has always been that the social contract between taxpayers and benefit receivers will only last as long as the public sees that being on benefits doesnt make you better off than those that are actually paying for those benefits. Where people are having to tighten their belts, which may include not having as large a family as they would like because they cant afford it, it is unreasonable to expect them to fund someone else to have that large family. Now, its perfectly reasonable to disagree with that and to be clear, Im not taking a position in this comment, but can we do without the everyone that disagrees with me is evil! rhetoric?",False,True,disapprove,this article is appalling and not reflecting the truth,disagree,neutral
